address,clinic,phone,hours,services,website,rating
"Московская обл, г Жуковский, ул Дзержинского, д.16",АО «Центральная больница экспертизы летно-испытательного состава» ( АО «ЦБЭЛИС»),т.:8 498 4842102,пн-пт 08:00-16:00,Амбулаторно-поликлиническое обслуживание,http://cbelis.ru/,4.5
"г Москва, ул Пехотная, д.3 (м. Октябрьское поле,Панфиловская)","ГБУЗ ""МКНИЦ Больница 52 ДЗМ""",т.:84958703604,,Амбулаторно-поликлиническое обслуживание; Экстренная стационарная помощь,https://52gkb.ru/,4.8
"г Москва, г Зеленоград, д.2042",ГБУЗ « ГКБ им. М.П. Кончаловского ДЗМ»,т.:84992103415,пн-пт 08:30-17:00,Амбулаторно-поликлиническое обслуживание,https://gb3zelao.ru/,4.8
"г Москва, г Зеленоград, Каштановая аллея, д.2, корп.7",ГБУЗ « ГКБ им. М.П. Кончаловского ДЗМ»,т.:8 499 7354430,пн-пт 08:30-17:00,Амбулаторно-поликлиническое обслуживание,https://gb3zelao.ru/,4.8
"г Москва, г Зеленоград, ул Александровка, д.8",ГБУЗ « ГКБ им. М.П. Кончаловского ДЗМ»,"т.:84997293031, 89857803731","пн-пт 08:00-20:00, сб 09:00-14:00",Амбулаторно-поликлиническое обслуживание; Экстренная стационарная помощь,https://gb3zelao.ru/,4.8
"г Москва, Можайское шоссе, д.14, корп.1 (м.Кунцевская)",ГБУЗ « ГКБ им.М.Е.Жадкевича ДЗМ»,"т.:+74954436671, +79295066254","пн-пт 08:00-20:00, сб 10:00-17:00",Амбулаторно-поликлиническое обслуживание; Экстренная стационарная помощь,https://gb71.ru/,4.3
"г Москва, ул Саляма Адиля, д.2/44 (м. Октябрьское поле,Хорошёво)",ГБУЗ «Городская Клиническая Больница №67 им. Л.А. Ворохобова ДЗМ»,"т.:7 495 1776767 , +7 964 7216767",пн-пт 08:30-18:00,Амбулаторно-поликлиническое обслуживание; Экстренная стационарная помощь,https://67gkb.ru/,4.4
"г Москва, ул Саляма Адиля, д.7, корп. 3 (м.Октябрьское поле,Хорошёво)",ГБУЗ «Городская Клиническая Больница №67 им. Л.А. Ворохобова ДЗМ»,т.:8 495 5303404,пн-пт 08:30-18:00,Амбулаторно-поликлиническое обслуживание,https://67gkb.ru/,4.4
"Московская обл, г Можайск, ул Амбулаторная, д.1",ГБУЗ «Можайская центральная районная больница»,т.:8 916 824 0 916,"пн-пт 08:00-20:00, сб 08:00-13:00",Амбулаторно-поликлиническое обслуживание; Экстренная стационарная помощь,,3.4
"Москва, Лобачевского ул, д.42 (м. Проспект Вернадского,Юго-Западная)","ГБУЗ города Москвы ""Городская клиническая больница № 31 имени академика Г.М. Савельевой департамента здравоохранения города Москвы""","т.:+7499 9369989, +7925 8848967, +7499 9369902, +7 985 0782400",пн-пт 09:00-17:00,Амбулаторно-поликлиническое обслуживание; Экстренная стационарная помощь,https://gkb-31.ru/,4.8
"г Москва, 2-й Боткинский проезд, д.5, корп.1 (м.Беговая,Динамо)",ГБУЗ города Москвы «Московский многопрофильный научно-клинический центр имени С.П. Боткина» Департамента здравоохраниения города Москвы,"т.:7 499 4900303, 7 800 6003141",,Амбулаторно-поликлиническое обслуживание; Экстренная стационарная помощь,https://botkinmoscow.ru/,4.9
"Московская обл, г Подольск, поселок Кузнечики, Парковый проезд, д.9, корп.1","ГБУЗ МО ""ПОКБ""",т.:89955052543,"пн-пт 08:00-20:00, сб 08:00-14:00",Амбулаторно-поликлиническое обслуживание,https://burdenko.ru/,4.4
"Московская обл, г Красногорск, Павшинский б-р, д.9",ГБУЗ МО «Красногорская больница»,т.:84955638228,"пн-пт 08:00-20:00, сб 09:00-14:00",Амбулаторно-поликлиническое обслуживание,https://krgora.brkmed.ru/,4.3
"Московская обл, г Красногорск, ул Карбышева, д.4",ГБУЗ МО «Красногорская больница»,т.:84955638228,"пн-пт 08:00-20:00, сб 09:00-14:00",Амбулаторно-поликлиническое обслуживание; Экстренная стационарная помощь,https://krgora.brkmed.ru/,4.3
"Московская обл, г Лобня, ул Заречная, д.15",ГБУЗ МО «Лобненская центральная городская больница»,т.:495 5770273,"пн-пт 08:00-20:00, сб 08:00-13:00",Амбулаторно-поликлиническое обслуживание; Экстренная стационарная помощь,,3.0
"Московская обл, г Ступино, ул Чайковского, д.7, корп.1",ГБУЗ МО «Ступинская центральная районная клиническая больница»,т.:84966423655,пн-пт 08:00-16:00,Амбулаторно-поликлиническое обслуживание,,3.6
"Московская обл, г Жуковский, ул Фрунзе, д.1",ГБУЗ Московской области «Жуковская ОКБ»,"т.:498 4874314, 89057664138",,Амбулаторно-поликлиническое обслуживание; Экстренная стационарная помощь,http://zhgkb.ru/,4.4
"Московская обл, г Апрелевка, г Наро-Фоминск, ул Февральская, д.40а",ГБУЗ Московской области «НФБ»,"т.:84963431886, 89082494400, 89175355261",пн-пт 09:00-17:00,Амбулаторно-поликлиническое обслуживание,https://nbfkz.com/ru,4.1
"Московская обл, г Верея, г Наро-Фоминск, Молодежный проезд, д.26",ГБУЗ Московской области «НФБ»,"т.:84963431886, 89082494400, 89175355261",пн-пт 09:00-17:00,Амбулаторно-поликлиническое обслуживание,https://nbfkz.com/ru,4.1
"Московская обл, г Верея, г Наро-Фоминск, ул Больничная, д.48/2",ГБУЗ Московской области «НФБ»,"т.:84963431886, 89082494400, 89175355261",пн-пт 09:00-17:00,Амбулаторно-поликлиническое обслуживание,https://nbfkz.com/ru,4.1
"Московская обл, г Наро-Фоминск, г Наро-Фоминск, ул Новикова, д.32",ГБУЗ Московской области «НФБ»,"т.:84963431886, 89082494400, 89175355261",пн-пт 09:00-17:00,Амбулаторно-поликлиническое обслуживание,https://nbfkz.com/ru,4.1
"Московская обл, г Наро-Фоминск, рп Селятино, г Наро-Фоминск, ул Больничная, д.1",ГБУЗ Московской области «НФБ»,"т.:84963431886, 89082494400, 89175355261",пн-пт 09:00-17:00,Амбулаторно-поликлиническое обслуживание,https://nbfkz.com/ru,4.1
"Московская обл, г Луховицы, ул Жуковского, д.22А","ООО ""Азбука Здоровья""","т.:84966300300, 89851553000",,Амбулаторно-поликлиническое обслуживание,https://azbukazdoroviya.ru/,4.9
"Московская обл, г Луховицы, ул Первомайская, д.47","ООО ""Азбука Здоровья""","т.:84966300300, 89851553000",,Амбулаторно-поликлиническое обслуживание,https://azbukazdoroviya.ru/,4.9
"Московская обл, г Егорьевск, ул Советская, д.155/17","ООО ""Неомакс Егорьевск""",т.:84966100500,"пн-пт 07:30-20:00, сб 07:30-20:00, вс 07:30-18:00",Амбулаторно-поликлиническое обслуживание,https://neomax-egorevsk.ru/,5.0
"г Москва, ул Краснопролетарская, д. 16, корп.2 (м.Достоевская, Новослободская)","ООО ""Рэмси Диагностика Рус""",т.:+7 495 2550300,круглосуточно,Амбулаторно-поликлиническое обслуживание,https://msk.ramsaydiagnostics.ru/,4.7
"г Москва, ул Малая Пироговская, д.13 (м.Спортивная,Фрунзенская)","ООО ""Рэмси Диагностика Рус""",т.:+7 495 2550300,круглосуточно,Амбулаторно-поликлиническое обслуживание,https://msk.ramsaydiagnostics.ru/,4.7
"г Москва, Большой Афанасьевский пер, д.22 (м.Арбатская)",ООО «Аист»,"т.:84956910439, 84956320117",пн-вс 07:30-20:00,Амбулаторно-поликлиническое обслуживание,,4.3
"г Москва, ул Новочерёмушкинская, д. 44, корп.2 (м.Новые Черёмушки, Профсоюзная)",ООО «АЛМ Медицина»,т.:84992518300,"пн-пт 08:00-20:00, сб-вс 09:00-19:00",Амбулаторно-поликлиническое обслуживание,http://alm03.ru/,4.9
"г Москва, Кутузовский пр-кт, д.1/7, оф.147 (м.Киевская,Смоленская)",ООО «Альянс Медикаль»,т.:79153527797,"пн-пт 09:00-18:00, сб 09:00-18:00",Амбулаторно-поликлиническое обслуживание,http://alliancemedicale.ru/about/,4.8
"Московская обл, г Подольск, ул Большая Серпуховская, д.33",ООО «Витакор»,т.:8 495 1086632,"пн-пт 08:00-20:00, сб-вс 09:00-19:00",Амбулаторно-поликлиническое обслуживание,https://www.vitacore.ru/,4.9
"г Москва, ул Автозаводская, д.16, корп.2",ООО «МАК»,т.:84951652555,пн-вс 08:00-21:00,Амбулаторно-поликлиническое обслуживание,,4.4
"г Москва, ул Лукинская, д.14, корп.1 (м.Новопеределкино,Рассказовка)",ООО «МедиАрт»,т.:8 495 2876000 8 499 7305493 8 499 7305481,"пн-пт 08:00-20:00, сб 09:00-20:00, вс 09:00-18:00",Амбулаторно-поликлиническое обслуживание,https://madyart.ru/,4.3
"г Москва, ул Шолохова, д.5",ООО «МедиАрт»,т.:84952876000,"пн-пт 08:00-20:00, сб 09:00-20:00, вс 09:00-18:00",Амбулаторно-поликлиническое обслуживание,https://madyart.ru/,4.3
"Москва, Боровское ш, д.30 (м. Боровское шоссе,Новопеределкино)",ООО «МедиАрт»,т.:8 495 2876000 8 495 733 52 30 8 495 733 52 31,"пн-пт 08:00-20:00, сб 09:00-20:00, вс 09:00-18:00",Амбулаторно-поликлиническое обслуживание,https://madyart.ru/,4.3
"Москва, Боровское ш, д.56 (м. Новопеределкино,Рассказовка)",ООО «МедиАрт»,т.:8 495 2876000 8 495 7335228,"пн-пт 08:00-20:00, сб 09:00-20:00, вс 09:00-18:00",Амбулаторно-поликлиническое обслуживание,https://madyart.ru/,4.3
"Москва, Внуковское п, Самуила Маршака ул, д.20 (м.Охотный ряд, Площадь Революции)",ООО «МедиАрт»,т.:8 495 287 60 00 8 495 803 43 90,"пн-пт 08:00-20:00, сб 09:00-20:00, вс 09:00-18:00",Амбулаторно-поликлиническое обслуживание,https://madyart.ru/,4.3
"Москва, Шолохова ул, д.30 (м. Новопеределкино,Рассказовка)",ООО «МедиАрт»,,,Амбулаторно-поликлиническое обслуживание,https://madyart.ru/,4.3
"г Москва, Ленинградское шоссе, д. 47А (м.Водный стадион,Речной вокзал)",ООО «МЕДСКАН»,т.:8 495 122 03 03,круглосуточно,Амбулаторно-поликлиническое обслуживание,https://medscannet.ru/,4.8
"г Москва, ул Обручева, д.21А (м. Беляево,Калужская)",ООО «МЕДСКАН»,т.:8 495 122 03 03,круглосуточно,Амбулаторно-поликлиническое обслуживание,https://medscannet.ru/,4.8
"Московская обл, г Красногорск, деревня Глухово, ул Центральная, д. 34А",ООО «МЕДСКАН»,т.:8 495 122 03 03,круглосуточно,Амбулаторно-поликлиническое обслуживание,https://medscannet.ru/,4.8
"Московская обл, г Коломна, г Коломна, ул Ленина, д.43А",ООО «Неомакс»,т.:84966100500,"пн-пт 07:30-20:00, сб 07:30-20:00, вс 07:30-18:00",Амбулаторно-поликлиническое обслуживание,,5.0
"Московская обл, г Воскресенск, г Воскресенск, ул Хрипунова, д.8",ООО «НЕОМЕД М»,"т.:8 496 4496525, 8 915 2747144","пн-пт 09:00-20:00, сб-вс 09:00-16:00",Амбулаторно-поликлиническое обслуживание,https://neomedm-vsk.ru/,4.6
"г Москва, ул Большая Полянка, д.56, корп.11",ООО «ПРИОР КЛИНИКА»,т.:84956256321,"пн-пт 09:00-20:00, сб 09:00-17:00",Амбулаторно-поликлиническое обслуживание,https://priorclinic.ru/,5.0
"Московская обл, г Лобня, ул Борисова, д.24, оф.2",ООО «Семейный медицинский центр «Здоровье»,т.:8495 1509917,"пн-пт 08:00-20:00, сб 08:00-20:00, вс 09:00-15:00",Амбулаторно-поликлиническое обслуживание,https://smczd.ru/,
"Московская обл, г Лобня, ул Ленина, д.23, корп.1, оф.003",ООО «Семейный медицинский центр» Здоровье»,т.:8495 1509917,"пн-пт 08:00-20:00, сб 08:00-20:00, вс 09:00-15:00",Амбулаторно-поликлиническое обслуживание,https://smczd.ru/,
"г Москва, пр-кт 60-летия Октября, д. 11а, корп.14 (м.Ленинский проспект, Площадь Гагарина)",ООО «Скорая Помощь «Альфа Медицина»,т.:8495 222 45 03,пн-пт 10:00-22:00,Амбулаторно-поликлиническое обслуживание,,
"г Москва, Ленинский пр-кт, д.77, корп.1 (м.Профсоюзная,Университет)",ООО «СМП МЕД»,т.:8 499 4507067,,Амбулаторно-поликлиническое обслуживание,https://smpmed.ru/,5.0
"г Москва, ул Большая Академическая, д.39, корп.3, оф.3",ООО «Центр таргетной терапии»,т.:84953200666,пн-пт 09:00-20:00,Амбулаторно-поликлиническое обслуживание,http://target-mc.ru/,4.6
"г Москва, ул Шипиловская, д.1",ООО «Юниверсал»,т.:84950320707,пн-вс 08:00-17:00,Амбулаторно-поликлиническое обслуживание,,4.4
"г Москва, проезд Берёзовой Рощи, д. 12 (м.Зорге,ЦСКА)",ООО Клиника «Ортоспайн»,т.:84994902863,пн-пт 08:00-18:00,Амбулаторно-поликлиническое обслуживание,https://orthospine.ru/,4.8
"Московская обл, г Раменское, ул Дергаевская, д.26",ООО Центр Традиционной и Восточной Медицины «Пять Элементов»,т.:84994951345 849646 50505,"пн-пт 08:00-20:00, сб 08:00-18:00",Амбулаторно-поликлиническое обслуживание,https://50505.ru/,4.7
"Московская обл, г Звенигород, г Одинцово",ФГАОУ ВО Первый МГМУ им.И. М. Сеченова Минздрава России (Сеченовский Университет),"т.:84994508889, 84954886538",,Амбулаторно-поликлиническое обслуживание,,4.3
"г Москва, Абрикосовский пер, д.2 (м. Спортивная,Фрунзенская)",ФГБНУ «Российский научный центр хирургии имени академика Б.В.Петровского,т.:84992469563,,Амбулаторно-поликлиническое обслуживание,https://med.ru/,5.0
"г Москва, г Троицк, Октябрьский пр-кт, д.3",ФГБНУ «Российский научный центр хирургии имени академика Б.В.Петровского,"т.:84958512874, 89166413132",,Амбулаторно-поликлиническое обслуживание; Экстренная стационарная помощь,https://med.ru/,5.0
"г Москва, Ломоносовский пр-кт, д.27, корп.10 (м.Ломоносовский проспект, Раменки)",ФГБОУ ВО «Московский государственный университет имени М.В.Ломоносова»,т.:84955312776,пн-пт 09:00-17:00,Амбулаторно-поликлиническое обслуживание; Экстренная стационарная помощь,,4.9
"г Москва, ул Онежская, д.18, корп.4 (м.Коптево,Лихоборы)","ФГБУ ""Федеральный научно-клинический центр космической медицины и биологии"" ФМБА России",т.:84955287736,"пн-пт 08:00-20:30, сб 08:30-14:00",Амбулаторно-поликлиническое обслуживание,https://www.cmsch119.ru/o-nas/obshchie-svedeniya/,1.1
"г Москва, ул Сущёвский Вал, д.24 (м. Марьина роща,Савёловская)","ФГБУ ""Федеральный научно-клинический центр космической медицины и биологии"" ФМБА России",т.:84999720353,"пн-пт 08:00-20:30, сб 08:30-14:00",Амбулаторно-поликлиническое обслуживание,https://www.cmsch119.ru/o-nas/obshchie-svedeniya/,1.1
"Московская обл, г Королёв, ул Богомолова, д.11","ФГБУ ""Федеральный научно-клинический центр космической медицины и биологии"" ФМБА России","т.:84994270985, 84994270993","пн-пт 08:00-18:00, сб 09:00-14:00",Амбулаторно-поликлиническое обслуживание,https://www.cmsch119.ru/o-nas/obshchie-svedeniya/,1.1
"Московская обл, г Реутов, ул Железнодорожная, д.7А, корп.2 (м. Новогиреево,Новокосино)","ФГБУ ""Федеральный научно-клинический центр космической медицины и биологии"" ФМБА России",т.:84955287736,"пн-пт 08:00-19:00, сб 08:00-14:00",Амбулаторно-поликлиническое обслуживание,https://www.cmsch119.ru/o-nas/obshchie-svedeniya/,1.1
"г Москва, ул Малая Пироговская, д.1А (м.Парк культуры,Фрунзенская)","ФГБУ ""Федеральный научно-клинический центр физико-химической медицины им. Ю.М. Лопухина Федерального медико-биологического агентства""",т.:84992464371,"пн-пт 08:00-19:00, сб 10:00-15:00",Амбулаторно-поликлиническое обслуживание,https://rcpcm.ru/,4.6
"Московская обл, Одинцово, Одинцовский р-н, Красногорское ш, д.15","ФГБУ ""Федеральный научно-клинический центр физико-химической медицины им. Ю.М. Лопухина Федерального медико-биологического агентства""",т.:84955931266,,Амбулаторно-поликлиническое обслуживание; Экстренная стационарная помощь,https://rcpcm.ru/,4.6
"Москва, Староволынская ул, д.10 (м. Минская,Славянский бульвар)",ФГБУ «Клиническая больница №1» Управления делами Президента Российской Федерации,"т.:8, 0020, 00 499 2330000","пн-пт 08:00-20:00, сб 08:00-20:00, вс 09:00-15:00",Амбулаторно-поликлиническое обслуживание,https://volynka.ru/,5.0
"г Москва, ул Лосиноостровская, д.45 (м.Белокаменная,Ростокино)",ФГБУ «Клиническая больница» УДП РФ,,,Амбулаторно-поликлиническое обслуживание,https://cchp.ru/,5.0
"г Москва, ул Абельмановская, д.4",ФГБУ «Федеральный клинический центр высоких медицинских технологий федерального медико-биологического агентства»,т.:84956761611,,Амбулаторно-поликлиническое обслуживание; Экстренная стационарная помощь,https://www.fkc-vmt.ru/,4.5
"г Москва, ул Новозаводская, д.14А",ФГБУ «Федеральный клинический центр высоких медицинских технологий федерального медико-биологического агентства»,"т.:84997498034, 84997498950",,Амбулаторно-поликлиническое обслуживание,https://www.fkc-vmt.ru/,4.5
"Московская обл, г Химки, ул 8 Марта, д.3а",ФГБУ «Федеральный клинический центр высоких медицинских технологий федерального медико-биологического агентства»,т.:84955726739,,Амбулаторно-поликлиническое обслуживание,https://www.fkc-vmt.ru/,4.5
"Московская обл, г Химки, ул Ленинградская, д.25",ФГБУ «Федеральный клинический центр высоких медицинских технологий федерального медико-биологического агентства»,т.:84955737388,"пн-пт 08:00-20:00, сб 09:00-14:00",Амбулаторно-поликлиническое обслуживание,https://www.fkc-vmt.ru/,4.5
"Московская обл, г Орехово-Зуево, г Орехово-Зуево, ул Ленина, д.22",Частное учреждение здравоохранения «Поликлиника «РЖД-Медицина» города Орехово-Зуево»,т.:84964150118,"пн-пт 08:00-19:00, сб 09:00-13:00",Амбулаторно-поликлиническое обслуживание,https://rzd-medicine.ru/,2.7
"г Москва, ул Будайская, д.2 (м. Ростокино,Улица Сергея Эйзенштейна)",ЧУЗ «ЦКБ «РЖД-Медицина»,т.:84957270003,"пн-пт 08:00-20:00, сб 08:00-18:00",Амбулаторно-поликлиническое обслуживание; Экстренная стационарная помощь,https://rzd-medicine.ru/,4.9
"Москва, Волоколамское ш, д.84 (м. Спартак,Щукинская)",ЧУЗ «ЦКБ «РЖД-Медицина»,,,Амбулаторно-поликлиническое обслуживание; Экстренная стационарная помощь,https://rzd-medicine.ru/,4.9
"г Москва, ул Гиляровского, д.10, корп. 1 (м.Проспект Мира)","АО ""Семейная Клиника ""Здоровье и материнство"" ( АО ""Семейная Клиника ""ЗИМ"")",т.:+7 495 9373003,,Амбулаторно-поликлиническое обслуживание; Запись на приём по телефону клиники,,4.9
"г Москва, ул 1-я Аэропортовская, д.5 (м.Аэропорт,Сокол)","АО ""ЦП на Ленинградке""",т.:8495 1506001,"пн-пт 08:00-20:00, сб 09:00-19:00",Амбулаторно-поликлиническое обслуживание; Запись на приём по телефону клиники,https://lit-clinic.ru/,5.0
"г Москва, ул 1-я Аэропортовская, д.5 (м.Аэропорт,Сокол)","АО ""ЦП на Ленинградке"" (VIP отделение)",т.:8495 1506001 доб 140,"пн-пт 08:00-20:00, сб 09:00-19:00",Амбулаторно-поликлиническое обслуживание; Запись на приём по телефону клиники,https://lit-clinic.ru/,5.0
"г Москва, ул Мытная, д.19 (м. Тульская,Шаболовская)",АО «Гознак»,т.:8495 7440762,"пн-пт 08:00-20:00, сб 08:00-14:00",Амбулаторно-поликлиническое обслуживание; Запись на приём по телефону клиники,https://goznak.ru/,4.5
"г Москва, Чонгарский б-р, д.5, корп.2 (м.Варшавская,Севастопольская)",АО «Группа компаний «Медси»,т.:8495 7800500,"пн-пт 08:00-21:00, сб 09:00-20:00, вс 09:00-18:00",Амбулаторно-поликлиническое обслуживание; Запись на приём по телефону клиники,https://medsi.ru/,4.9
"г Москва, Благовещенский пер, д.6, корп.1 (м.Маяковская,Тверская)",АО «Группа компаний «Медси» в Благовещенском,т.:8495 7800500,,Амбулаторно-поликлиническое обслуживание; Запись на приём по телефону клиники,http://medsi.ru/,4.8
"г Москва, ул Старокачаловская, д.3, корп.3 (м.Бульвар Дмитрия Донского, Улица Старокачаловская)",АО «Группа компаний «Медси» в Бутово,т.:8495 7800500,"пн-пт 08:00-21:00, сб-вс 09:00-20:00",Амбулаторно-поликлиническое обслуживание; Запись на приём по телефону клиники,http://medsi.ru/,4.8
"Московская обл, г Долгопрудный, Старое Дмитровское шоссе, д.15, корп.1",АО «Группа компаний «Медси» в Долгопрудном,т.:8 495 7800500,пн-вс 08:00-20:00,Амбулаторно-поликлиническое обслуживание; Запись на приём по телефону клиники,https://medsi.ru/clinics/klinika-medsi-dolgoprudnyy/,5.0
"Московская обл, г Домодедово, мкр Центральный, ул Каширское шоссе, д. 57",АО «Группа компаний «Медси» в Домодедово,т.:495 7800500,пн-вс 08:00-21:00,Амбулаторно-поликлиническое обслуживание; Запись на приём по телефону клиники,http://medsi.ru/,5.0
"Московская обл, г Котельники, ул Сосновая, д.5, оф.6 (м.Жулебино, Котельники)",АО «Группа компаний «Медси» в Котельниках,т.:8495 7800500,"пн-пт 08:00-21:00, сб-вс 09:00-15:00",Амбулаторно-поликлиническое обслуживание; Запись на приём по телефону клиники,http://medsi.ru/,4.7
"Московская обл, г Красногорск, ул Успенская, д.5 (м.Митино,Пятницкое шоссе)",АО «Группа компаний «Медси» в Красногорске,т.:8 495 7800500,"пн-пт 08:00-21:00, сб-вс 09:00-20:00",Амбулаторно-поликлиническое обслуживание; Запись на приём по телефону клиники,http://medsi.ru/,4.8
"Московская обл, г Люберцы, рп Малаховка, ул Пушкина, д.14",АО «Группа компаний «Медси» в Малаховке,т.:8 495 7800500,пн-вс 08:00-20:00,Амбулаторно-поликлиническое обслуживание; Запись на приём по телефону клиники,http://medsi.ru/,4.7
"г Москва, ул Маршала Голованова, д. 1, корп.2 (м.Братиславская,Марьино)",АО «Группа компаний «Медси» в Марьино,т.:8495 7800500,"пн-пт 08:00-21:00, сб-вс 09:00-21:00",Амбулаторно-поликлиническое обслуживание; Запись на приём по телефону клиники,http://medsi.ru/,4.6
"г Москва, ул Дубравная, д.33 (м. Митино,Пятницкое шоссе)",АО «Группа компаний «Медси» в Митино на Дубравной,т.:84957800500,"пн-пт 08:00-21:00, сб-вс 09:00-20:00",Амбулаторно-поликлиническое обслуживание; Запись на приём по телефону клиники,https://medsi.ru/clinics/klinika-v-mitino-na-dubravnoy/,4.6
"Московская обл, г Одинцово, г Одинцово, ул Молодежная, д.25",АО «Группа компаний «Медси» в Одинцово,т.:8495 7800500,"пн-пт 08:00-21:00, сб-вс 09:00-18:00",Амбулаторно-поликлиническое обслуживание; Запись на приём по телефону клиники,https://medsi.ru/,4.9
"Московская обл, г Красногорск, поселок Отрадное, д.2 (м.Митино, Пятницкое шоссе)",АО «Группа компаний «Медси» в Отрадном,т.:8495 7800500,"пн-пт 08:00-20:00, сб-вс 09:00-15:00",Амбулаторно-поликлиническое обслуживание; Запись на приём по телефону клиники; Экстренная стационарная помощь,https://medsi.ru/hospitals/clinics/stacionar-na-pyatnickoe-shosse/,5.0
"Московская обл, г Реутов, ул Реутовских ополченцев, д.6 (м. Новогиреево,Новокосино)",АО «Группа компаний «Медси» в Реутове,т.:84957800500,"пн-пт 08:00-20:00, сб-вс 09:00-20:00",Амбулаторно-поликлиническое обслуживание; Запись на приём по телефону клиники,http://medsi.ru/,4.8
"г Москва, ул Кулакова, д.16, корп.1 (м. Мякинино,Строгино)",АО «Группа компаний «Медси» в Строгино,т.:84957800500,"пн-пт 08:00-21:00, сб-вс 09:00-16:00",Амбулаторно-поликлиническое обслуживание; Запись на приём по телефону клиники,http://medsi.ru/,4.7
"Московская обл, г Ступино, ул Андропова, д.48/22",АО «Группа компаний «Медси» в Ступино,т.:8495 7800500,"пн-пт 08:00-20:00, сб-вс 08:00-16:00",Амбулаторно-поликлиническое обслуживание; Запись на приём по телефону клиники,http://medsi.ru/,4.7
"Московская обл, г Ступино, ул Андропова, д.64",АО «Группа компаний «Медси» в Ступино,"т.:84957800500, 84966423767, 84966422745","пн-пт 08:00-20:00, сб-вс 08:00-16:00",Амбулаторно-поликлиническое обслуживание; Запись на приём по телефону клиники,http://medsi.ru/,4.7
"Московская обл, г Ступино, ул Службина, д.2",АО «Группа компаний «Медси» в Ступино,"т.:8 49664 72113, 72140, 89104015551","пн-пт 08:00-20:00, сб-вс 08:00-16:00",Амбулаторно-поликлиническое обслуживание; Запись на приём по телефону клиники,http://medsi.ru/,4.7
"Московская обл, г Химки, пр-кт Мельникова, д.5, корп.1",АО «Группа компаний «Медси» в Химках,т.:84957800500,"пн-пт 08:00-21:00, сб-вс 09:00-16:00",Амбулаторно-поликлиническое обслуживание; Запись на приём по телефону клиники,http://medsi.ru/,4.8
"г Москва, 3-й Хорошёвский проезд, д. 1, корп.2 (м.Беговая,Хорошёвская)",АО «Группа компаний «Медси» в Хорошевском проезде,т.:8 495 7 800500,пн-вс 08:00-21:00,Амбулаторно-поликлиническое обслуживание; Запись на приём по телефону клиники,http://medsi.ru/,4.9
"г Москва, ул Поляны, д.5 (м.Бульвар адмирала Ушакова,Улица Скобелевская)",АО «Группа компаний «Медси» в Южном Бутово,т.:8495 7800500,,Амбулаторно-поликлиническое обслуживание; Запись на приём по телефону клиники,http://medsi.ru/,4.8
"г Москва, пр-кт Мира, д.26, корп.6 (м. Алексеевская,ВДНХ)",АО «Группа компаний «Медси» КДЦ «МЕДСИ» в Грохольском переулке,т.:8495 7800500,пн-вс 08:00-21:00,Амбулаторно-поликлиническое обслуживание; Запись на приём по телефону клиники,https://medsi.ru/clinics/amc/,4.7
"Московская обл, г Щёлково, ул Заречная, д.8, корп.2",АО «Группа компаний «Медси» КДЦ «Медси» в Щелково,т.:84957800500,"пн-пт 08:00-21:00, сб 08:00-21:00, вс 08:08-19:00",Амбулаторно-поликлиническое обслуживание; Запись на приём по телефону клиники,https://medsi.ru/,4.7
"г Москва, Грузинский пер, д.3А (м. Белорусская)",АО «Группа компаний «Медси» КДЦ «МЕДСИ» на Белорусской,т.:84957800500,пн-вс 08:00-21:00,Амбулаторно-поликлиническое обслуживание; Запись на приём по телефону клиники; Экстренная стационарная помощь,https://medsi.ru/clinics/belorusskaya/,4.9
"г Москва, ул Красная Пресня, д.16/2, корп.1 (м.Краснопресненская,Улица 1905 года)",АО «Группа компаний «Медси» КДЦ «МЕДСИ» на Красной Пресне,т.:8495 7800500,пн-вс 08:00-21:00,Амбулаторно-поликлиническое обслуживание; Запись на приём по телефону клиники,https://medsi.ru/,5.0
"г Москва, Мичуринский пр-кт, д.56, корп.1 (м.Мичуринский проспект, Раменки)",АО «Группа компаний «Медси» КДЦ «МЕДСИ» на Мичуринском проспекте,т.:8495 7800500,,Амбулаторно-поликлиническое обслуживание; Запись на приём по телефону клиники,https://medsi.ru/clinics/mfmc_medsi_na_michurinskom/,5.0
"г Москва, ул Солянка, д.12, корп.1 (м. Китай-город)",АО «Группа компаний «Медси» КДЦ «МЕДСИ» на Солянке,т.:8495 7800500,пн-вс 08:00-21:00,Амбулаторно-поликлиническое обслуживание; Запись на приём по телефону клиники,http://medsi.ru/,4.9
"г Москва, ул Перерва, д.53 (м. Братиславская,Люблино)",АО «Группа компаний «Медси» КДЦ в Марьино,т.:8495 7800500,"пн-пт 08:00-21:00, сб-вс 09:00-20:00",Амбулаторно-поликлиническое обслуживание; Запись на приём по телефону клиники,http://medsi.ru/,4.9
"г Москва, Чонгарский б-р, д.5, корп.2 (м.Варшавская,Севастопольская)",АО «Группа компаний «Медси» Клиника МЕДСИ на Варшавской,т.:84957800500,пн-вс 07:30-22:00,Амбулаторно-поликлиническое обслуживание; Запись на приём по телефону клиники,https://medsi.ru/,4.8
"г Москва, Северный б-р, д.2 (м. Бибирево,Отрадное)",АО «Группа компаний «Медси» Клиника Медси СмартЛаб на Северном Бульваре,т.:8 495 7800500,пн-вс 08:00-18:00,Амбулаторно-поликлиническое обслуживание; Запись на приём по телефону клиники,https://medsi.ru/,4.4
"г Москва, ул Авиационная, д.77, корп. 2 (м.Спартак,Щукинская)",АО «Группа компаний «Медси» на Авиационной,,"пн-пт 08:00-21:00, сб-вс 09:00-15:00",Амбулаторно-поликлиническое обслуживание; Запись на приём по телефону клиники,http://medsi.ru/,4.8
"г Москва, Астрадамский проезд, д.4А, корп.1 (м.Дмитровская, Тимирязевская)",АО «Группа компаний «Медси» на Астрадамском,т.:84957800500,"пн-пт 08:00-21:00, сб 09:00-20:00, вс 09:00-19:00",Амбулаторно-поликлиническое обслуживание; Запись на приём по телефону клиники,http://medsi.ru/,4.7
"г Москва, 2-й Боткинский проезд, д.5, корп.3, оф.4 (м.Беговая,Динамо)",АО «Группа компаний «Медси» на Боткинском проезде,т.:8495 7800500,пн-вс 08:00-20:00,Амбулаторно-поликлиническое обслуживание; Запись на приём по телефону клиники; Экстренная стационарная помощь,http://medsi.ru/,4.9
"г Москва, ул Гамалеи, д.18 (м. Стрешнево,Щукинская)",АО «Группа компаний «Медси» на Гамалеи,т.:84957800500,,Амбулаторно-поликлиническое обслуживание; Запись на приём по телефону клиники,http://medsi.ru/,4.4
"г Москва, Дмитровское шоссе, д.107А, корп.4 (м.Верхние Лихоборы, Селигерская)",АО «Группа компаний «Медси» на Дмитровском шоссе,т.:84957800500,"пн-пт 08:00-21:00, сб-вс 09:00-15:00",Амбулаторно-поликлиническое обслуживание; Запись на приём по телефону клиники,https://medsi.ru/,4.7
"г Москва, ул Дубининская, д.57, корп. 5, оф.8 (м.Павелецкая,Серпуховская)",АО «Группа компаний «Медси» на Дубининской,т.:8495 7800500,"пн-пт 08:00-21:00, сб 09:00-21:00, вс 09:00-20:00",Амбулаторно-поликлиническое обслуживание; Запись на приём по телефону клиники,http://medsi.ru/,4.7
"г Москва, ул Дубнинская, д.10, корп.1 (м.Верхние Лихоборы,Селигерская)",АО «Группа компаний «Медси» на Дубнинской,т.:495 7800500,,Амбулаторно-поликлиническое обслуживание; Запись на приём по телефону клиники,http://medsi.ru/,4.8
"г Москва, Зелёный пр-кт, д.7",АО «Группа компаний «Медси» на Зеленом проспекте,т.:84957800500,пн-вс 08:00-21:00,Амбулаторно-поликлиническое обслуживание; Запись на приём по телефону клиники,https://medsi.ru/clinics/klinika-na-zelenom-prospekte/,5.0
"Московская обл, г Красногорск, Ильинский б-р, д.7 (м.Волоколамская, Мякинино)",АО «Группа компаний «Медси» на Ильинском бульваре,т.:8495 7800500,"пн-пт 08:00-21:00, сб 09:00-18:00, вс 09:00-16:00",Амбулаторно-поликлиническое обслуживание; Запись на приём по телефону клиники,https://medsi.ru/clinics/klinika-medsi-na-ilinskom-bulvare/,5.0
"г Москва, ул Краснобогатырская, д.90, корп.2 (м.Бульвар Рокоссовского, Преображенская площадь)",АО «Группа компаний «Медси» на Краснобогатырской,т.:8495 7800500,,Амбулаторно-поликлиническое обслуживание; Запись на приём по телефону клиники,http://medsi.ru/,4.7
"г Москва, Лазоревый проезд, д.1А, корп.2 (м.Ботанический сад)",АО «Группа компаний «Медси» на Лазоревом,т.:84957800500,"пн-пт 08:00-20:00, сб 08:00-20:00, вс 08:00-07:00",Амбулаторно-поликлиническое обслуживание; Запись на приём по телефону клиники,https://medsi.ru/,4.5
"г Москва, Ленинградский пр-кт, д.52 (м.Аэропорт,ЦСКА)",АО «Группа компаний «Медси» на Ленинградском проспекте,т.:8495 7800500,"пн-пт 08:00-21:00, сб 08:00-21:00, вс 09:00-18:00",Амбулаторно-поликлиническое обслуживание; Запись на приём по телефону клиники,http://medsi.ru/,4.5
"г Москва, ул Ленинская Слобода, д.26 (м.Автозаводская)",АО «Группа компаний «Медси» на Ленинской слободе,т.:84957800500,пн-вс 08:00-21:00,Амбулаторно-поликлиническое обслуживание; Запись на приём по телефону клиники,http://medsi.ru/,4.8
"г Москва, Ленинский пр-кт, д.20, корп.1 (м.Площадь Гагарина, Шаболовская)",АО «Группа компаний «Медси» на Ленинском проспекте,т.:8495 7800500,пн-вс 08:00-21:00,Амбулаторно-поликлиническое обслуживание; Запись на приём по телефону клиники,http://medsi.ru/,4.8
"г Москва, ул Новочерёмушкинская, д. 16 (м.Академическая,Профсоюзная)",АО «Группа компаний «Медси» на Новочеремушкинской,т.:495 7800500,,Амбулаторно-поликлиническое обслуживание; Запись на приём по телефону клиники,http://medsi.ru/,4.7
"г Москва, Новоясеневский пр-кт, д.9",АО «Группа компаний «Медси» на Новоясеневском проспекте,т.:84957800500,"пн-пт 08:00-21:00, сб-вс 10:00-18:00",Амбулаторно-поликлиническое обслуживание; Запись на приём по телефону клиники,https://medsi.ru/clinics/klinika-medsi-na-novoyasenevskom-prospekte/,4.9
"г Москва, ул Первомайская, д.25/26 (м.Измайловская,Первомайская)",АО «Группа компаний «Медси» на Первомайской,т.:8495 7800500,"пн-пт 08:00-21:00, сб-вс 09:00-15:00",Амбулаторно-поликлиническое обслуживание; Запись на приём по телефону клиники,http://medsi.ru/,4.7
"г Москва, ул Покрышкина, д.7 (м. Озёрная,Юго-Западная)",АО «Группа компаний «Медси» на Покрышкина,т.:8495 7800500,"пн-пт 08:00-21:00, сб-вс 10:00-18:00",Амбулаторно-поликлиническое обслуживание; Запись на приём по телефону клиники,https://medsi.ru/,4.6
"г Москва, ул Фёдора Полетаева, д.15А (м.Кузьминки,Рязанский проспект)",АО «Группа компаний «Медси» на Полетаева,т.:8495 7800500,"пн-пт 08:00-21:00, сб-вс 09:00-15:00",Амбулаторно-поликлиническое обслуживание; Запись на приём по телефону клиники,http://medsi.ru/,4.8
"г Москва, ул Малая Полянка, д.3",АО «Группа компаний «Медси» на Полянке,т.:84957800500,пн-вс 08:00-21:00,Амбулаторно-поликлиническое обслуживание; Запись на приём по телефону клиники,http://medsi.ru/,4.7
"г Москва, ул Кировоградская, д.22Б (м.Пражская,Южная)",АО «Группа компаний «Медси» на Пражской,т.:495 7800500,,Амбулаторно-поликлиническое обслуживание; Запись на приём по телефону клиники,http://medsi.ru/,4.8
"г Москва, ул Пречистенка, д.39 (м. Парк культуры)",АО «Группа компаний «Медси» на Пречистенке,т.:8495 7800500,пн-вс 08:00-21:00,Амбулаторно-поликлиническое обслуживание; Запись на приём по телефону клиники,http://medsi.ru/,4.8
"г Москва, Пролетарский пр-кт, д.24 (м.Кантемировская,Царицыно)",АО «Группа компаний «Медси» на Пролетарском,т.:8 495 7 800 500,пн-вс 08:00-21:00,Амбулаторно-поликлиническое обслуживание; Запись на приём по телефону клиники,http://medsi.ru/,4.6
"г Москва, ул 6-я Радиальная, д.5, корп.2 (м.Орехово,Царицыно)",АО «Группа компаний «Медси» на Радиальной,т.:4957800500,,Амбулаторно-поликлиническое обслуживание; Запись на приём по телефону клиники,https://medsi.ru/,4.7
"г Москва, Рублёвское шоссе, д.10 (м. Мякинино,Строгино)",АО «Группа компаний «Медси» на Рублевском шоссе,т.:8495 7800500,пн-вс 09:00-21:00,Амбулаторно-поликлиническое обслуживание; Запись на приём по телефону клиники,http://medsi.ru/,4.6
"Московская обл, г Мытищи, ул Станционная, д.7",АО «Группа компаний «Медси» на Станционной (Мытищи),т.:495 7800500,,Амбулаторно-поликлиническое обслуживание; Запись на приём по телефону клиники,http://medsi.ru/,4.7
"г Москва, ул Староалексеевская, д.20 (м.Алексеевская,ВДНХ)",АО «Группа компаний «Медси» на Староалексеевской,,"пн-пт 08:00-20:00, сб 08:00-20:00, вс 09:00-17:00",Амбулаторно-поликлиническое обслуживание; Запись на приём по телефону клиники,http://medsi.ru/,4.7
"Московская обл, г Мытищи, ул Мира, д.43",АО «Группа компаний «Медси» на улице Мира (Мытищи),т.:8 495 7 800 500,"пн-пт 08:00-21:00, сб 08:00-18:00, вс 08:00-16:00",Амбулаторно-поликлиническое обслуживание; Запись на приём по телефону клиники,https://medsi.ru/,4.4
"г Москва, ул Федосьино, д.2 (м. Новопеределкино,Рассказовка)",АО «Группа компаний «Медси» на Федосьино,т.:8 495 7 800 500,,Амбулаторно-поликлиническое обслуживание; Запись на приём по телефону клиники,http://medsi.ru/,4.6
"Москва, Самотёчный 3-й пер, д.2 (м. Достоевская,Цветной бульвар)",АО «КДМЦ «Медстайл эффект»,т.:+7 495 7800110,,Амбулаторно-поликлиническое обслуживание; Запись на приём по телефону клиники,http://medstyle-effect.ru/,4.4
"г Москва, ул 2-я Фрунзенская, д.9 (м. Лужники,Фрунзенская)",АО «Медицинские услуги»,т.:84954740000,,Амбулаторно-поликлиническое обслуживание; Запись на приём по телефону клиники,https://rzd-medicine.ru/,4.9
"г Москва, ул Большая Почтовая, д. 1/33 (м.Бауманская, Электрозаводская)",АО «Медицинские услуги»,т.:84954740000,,Амбулаторно-поликлиническое обслуживание; Запись на приём по телефону клиники,https://rzd-medicine.ru/,4.9
"г Москва, ул Кольская, д.2, корп.3 (м. Бабушкинская,Свиблово)",АО «Медицинские услуги»,т.:84954740000,,Амбулаторно-поликлиническое обслуживание; Запись на приём по телефону клиники; Экстренная стационарная помощь,https://rzd-medicine.ru/,4.9
"г Москва, ул Строителей, д.6, корп.1 (м.Профсоюзная,Университет)",АО «Медицинские услуги»,т.:84954740000,,Амбулаторно-поликлиническое обслуживание; Запись на приём по телефону клиники,https://rzd-medicine.ru/,4.9
"Московская обл, г Красногорск, ул Советская, д.9",АО «Медицинский центр «Зенит-медсервис»,"т.:84955633030, 84955628888","пн-пт 08:00-20:00, сб 08:00-14:00",Амбулаторно-поликлиническое обслуживание; Запись на приём по телефону клиники,https://zenitms.ru/,4.9
"г Москва, 4-й Ростовский пер, д.1, корп.1 (м.Киевская,Смоленская)",АО «МОСИТАЛМЕД»,т.:8 495 2129098,"пн-пт 08:00-21:00, сб 08:00-21:00, вс 09:00-21:00",Амбулаторно-поликлиническое обслуживание; Запись на приём по телефону клиники,https://mositalmed.ru/,4.9
"г Москва, Комсомольский пр-кт, д.15, корп.1 (м.Парк культуры, Фрунзенская)",АО «МОСИТАЛМЕД»,т.:+7 495 2129098,"пн-пт 09:00-21:00, сб 09:00-21:00",Амбулаторно-поликлиническое обслуживание; Запись на приём по телефону клиники,https://mositalmed.ru/,4.9
"г Москва, ул Арбат, д.28/1, корп.1 (м. Смоленская)",АО «МОСИТАЛМЕД»,т.:8 495 2129098,"пн-пт 08:00-21:00, сб 08:00-21:00, вс 09:00-21:00",Амбулаторно-поликлиническое обслуживание; Запись на приём по телефону клиники,https://mositalmed.ru/,4.9
"г Москва, ул Баррикадная, д.19, корп. 3 (м.Баррикадная, Краснопресненская)",АО «Семейный доктор»,т.:84957800771,пн-вс 08:00-21:00,Амбулаторно-поликлиническое обслуживание; Запись на приём по телефону клиники,https://www.fdoctor.ru/,5.0
"Москва, Бакунинская ул, д.1-3 (м. Бауманская,Красносельская)",АО «Семейный доктор»,т.:84957800771,пн-вс 08:00-21:00,Амбулаторно-поликлиническое обслуживание; Запись на приём по телефону клиники,https://www.fdoctor.ru/,5.0
"Москва, Борисовский проезд, д.19а (м.Красногвардейская,Шипиловская)",АО «Семейный доктор»,т.:+7 499 5838677,"пн-пт 08:00-21:00, сб 08:30-21:00, вс 09:00-18:00",Амбулаторно-поликлиническое обслуживание; Запись на приём по телефону клиники,https://www.fdoctor.ru/,5.0
"Москва, Братиславская ул, д.23 (м. Братиславская,Марьино)",АО «Семейный доктор»,т.:+7 499 5838677,"пн-пт 08:00-21:00, сб 08:30-21:00, вс 09:00-18:00",Амбулаторно-поликлиническое обслуживание; Запись на приём по телефону клиники,https://www.fdoctor.ru/,5.0
"Москва, Варшавское ш, д.148 (м. Пражская,Улица Академика Янгеля)",АО «Семейный доктор»,т.:84957800771,пн-вс 08:00-21:00,Амбулаторно-поликлиническое обслуживание; Запись на приём по телефону клиники,https://www.fdoctor.ru/,5.0
"Москва, Воронцовская ул, д.19ас1 (м. Марксистская,Таганская)",АО «Семейный доктор»,т.:84957800771,пн-вс 08:00-21:00,Амбулаторно-поликлиническое обслуживание; Запись на приём по телефону клиники,https://www.fdoctor.ru/,5.0
"Москва, Генерала Карбышева б-р, д. 13к1 (м.Зорге,Октябрьское поле)",АО «Семейный доктор»,т.:84957800771,пн-вс 08:00-21:00,Амбулаторно-поликлиническое обслуживание; Запись на приём по телефону клиники,https://www.fdoctor.ru/,5.0
"Москва, Дежнёва проезд, д.1 (м. Бабушкинская,Свиблово)",АО «Семейный доктор»,т.:84957800771,пн-вс 08:00-21:00,Амбулаторно-поликлиническое обслуживание; Запись на приём по телефону клиники,https://www.fdoctor.ru/,5.0
"Москва, Мичуринский пр-кт, д.34 (м. Мичуринский проспект,Раменки)",АО «Семейный доктор»,т.:84957800771,пн-вс 08:00-21:00,Амбулаторно-поликлиническое обслуживание; Запись на приём по телефону клиники,https://www.fdoctor.ru/,5.0
"Москва, Первомайская Нижн. ул, д. 43а (м.Измайловская,Первомайская)",АО «Семейный доктор»,т.:84957800771,пн-вс 08:00-21:00,Амбулаторно-поликлиническое обслуживание; Запись на приём по телефону клиники,https://www.fdoctor.ru/,5.0
"Москва, Профсоюзная ул, д.127б (м. Коньково,Тёплый Стан)",АО «Семейный доктор»,т.:84957800771,пн-вс 08:00-21:00,Амбулаторно-поликлиническое обслуживание; Запись на приём по телефону клиники,https://www.fdoctor.ru/,5.0
"Москва, Флотская ул, д.5а (м.Водный стадион,Речной вокзал)",АО «Семейный доктор»,т.:84957800771,пн-вс 08:00-21:00,Амбулаторно-поликлиническое обслуживание; Запись на приём по телефону клиники,https://www.fdoctor.ru/,5.0
"г Москва, ул Кременчугская, д.7, корп. 1 (м.Кунцевская,Славянский бульвар)","ГБУЗ ""ГП № 209 ДЗМ""",т.:84994450121,пн-пт 08:00-16:00,Амбулаторно-поликлиническое обслуживание; Запись на приём по телефону клиники,https://gp209.ru/,4.5
"г Москва, ул Мосфильмовская, д.29А (м.Ломоносовский проспект, Минская)","ГБУЗ ""ГП № 209 ДЗМ""",т.:84991475800,пн-пт 08:00-16:00,Амбулаторно-поликлиническое обслуживание; Запись на приём по телефону клиники,https://gp209.ru/,4.5
"г Москва, ул Раменки, д.29 (м. Мичуринский проспект,Раменки)","ГБУЗ ""ГП № 209 ДЗМ""",т.:84959322027,"пн-пт 08:00-20:00, сб 09:00-18:00, вс 09:00-16:00",Амбулаторно-поликлиническое обслуживание; Запись на приём по телефону клиники,https://gp209.ru/,4.5
"г Москва, ул Яузская, д.11 (м. Марксистская,Таганская)",ГБУЗ « ГКБ им. И.В. Давыдовского ДЗМ»,т.:84993900323,"пн 07:30-18:00, вт 07:30-20:00, ср07:30-18:00, чт 07:30-20:00, пт 07:30-18:00",Амбулаторно-поликлиническое обслуживание; Запись на приём по телефону клиники; Экстренная стационарная помощь,https://gkb-23.ru/,4.9
"г Москва, Ленинградский пр-кт, д.18А (м.Аэропорт,Петровский парк)",ГБУЗ «Городская поликлиника № 62 ДЗМ»,т.:84991524140,"пн-пт 08:00-20:00, сб 09:00-15:00",Амбулаторно-поликлиническое обслуживание; Запись на приём по телефону клиники,,4.5
"г Москва, ул Куусинена, д.6Б",ГБУЗ «Городская поликлиника № 62 ДЗМ»,т.:84991524140,пн-пт 08:00-20:00,Амбулаторно-поликлиническое обслуживание; Запись на приём по телефону клиники,,4.5
"г Москва, ул Заморёнова, д.27 (м. Краснопресненская,Улица 1905 года)",ГБУЗ «Городская поликлиника №220 ДЗМ»,т.:8499 2550002,"пн-пт 08:00-20:00, сб 09:00-18:00, вс 09:00-16:00",Амбулаторно-поликлиническое обслуживание; Запись на приём по телефону клиники,http://gp220.ru/,4.6
"г Москва, ул 3-я Карачаровская, д.11",ГБУЗ города Москвы «Диагностический центр № 3 Департамента здравоохранения города Москвы»,т.:84956383650,"пн-пт 08:00-20:00, сб 09:00-18:00, вс 09:00-15:00",Амбулаторно-поликлиническое обслуживание; Запись на приём по телефону клиники,,4.4
"г Москва, ул Верхняя Хохловка, д.2, корп.1",ГБУЗ города Москвы «Диагностический центр № 3 Департамента здравоохранения города Москвы»,т.:84956383650,"пн-пт 09:00-20:00, сб 09:00-18:00, вс 09:00-15:00",Амбулаторно-поликлиническое обслуживание; Запись на приём по телефону клиники,,4.4
"г Москва, ул Михайлова, д.33",ГБУЗ города Москвы «Диагностический центр № 3 Департамента здравоохранения города Москвы»,т.:84956383650,"пн-пт 08:00-20:00, сб 09:00-18:00, вс 09:00-15:00",Амбулаторно-поликлиническое обслуживание; Запись на приём по телефону клиники,,4.4
"г Москва, ул Сормовская, д.9 (м. Выхино,Рязанский проспект)",ГБУЗ города Москвы «Диагностический центр № 3 Департамента здравоохранения города Москвы»,т.:84951220221,пн-пт 08:00-20:00,Амбулаторно-поликлиническое обслуживание; Запись на приём по телефону клиники,,4.4
"г Москва, Юрьевский пер, д.13",ГБУЗ города Москвы «Диагностический центр № 3 Департамента здравоохранения города Москвы»,т.:84956383650,"пн-пт 08:00-20:00, сб 09:00-18:00, вс 09:00-15:00",Амбулаторно-поликлиническое обслуживание; Запись на приём по телефону клиники,,4.4
"Московская обл, г Луховицы, ул Мира, д.39/5",ГБУЗ Московской области «Луховицкая больница»,т.:89164979724,"пн-пт 07:30-20:00, сб 08:00-14:00, вс 09:00-13:00",Амбулаторно-поликлиническое обслуживание; Запись на приём по телефону клиники,,4.4
"г Москва, шоссе Энтузиастов, д.42 (м. Шоссе Энтузиастов)",ГКУ «Центральная поликлиника ФТС России»,"т.:84952764223, 84952764224",пн-пт 08:00-20:00,Амбулаторно-поликлиническое обслуживание; Запись на приём по телефону клиники,https://www.policlinika-fts.ru/,4.7
"г Москва, Большой Головин пер, д.4 (м.Трубная,Цветной бульвар)","ЗАО ""Клиника современных медицинских технологий""",т.:84993704985,круглосуточно,Амбулаторно-поликлиническое обслуживание; Запись на приём по телефону клиники,https://kst27.ru/,5.0
"г Москва, ул Высокая, д.19, корп.2 (м. Коломенская,Технопарк)",ЗАО «МЦК»,т.:8 4957253143,пн-вс 08:00-21:00,Амбулаторно-поликлиническое обслуживание; Запись на приём по телефону клиники,,
"Московская обл, г Чехов, ул Земская, д.2",ЗАО «МЦК»,"т.:8 495 7253143 , 8 496 7279713, 8 496 7279714, 8 905 7314841","пн-пт 08:00-20:00, сб 08:00-19:00, вс 09:00-17:00",Амбулаторно-поликлиническое обслуживание; Запись на приём по телефону клиники,,
"Московская обл, г Электрогорск, ул Буденного, д.1",ЗАО «ЭКОЛАБ»,"т.:89099921558, 88003333347, 84964332139",пн-вс 08:00-20:00,Амбулаторно-поликлиническое обслуживание; Запись на приём по телефону клиники,,4.6
"г Москва, ул Перерва, д.39 (м. Братиславская,Марьино)",ИММА: ООО «Медицинские Центры-2»,т.:8495 7872646,пн-вс 09:00-21:00,Амбулаторно-поликлиническое обслуживание; Запись на приём по телефону клиники,,5.0
"г Москва, ул Маршала Катукова, д.24, корп.5 (м.Спартак,Строгино)",ИММА: ООО «Медицинские центры-5»,т.:8495 5361999,пн-вс 09:00-21:00,Амбулаторно-поликлиническое обслуживание; Запись на приём по телефону клиники,,
"Москва, Мытищинская 3-я ул, д.14А (м.Алексеевская,Рижская)",ИММА: ООО «Медицинские центры»,т.:8495 7716991,пн-вс 09:00-21:00,Амбулаторно-поликлиническое обслуживание; Запись на приём по телефону клиники,,4.7
"г Москва, ул Образцова, д.11, корп.2 (м.Достоевская,Марьина роща)",Медицинское частное учреждение «Медицинский центр «Рамбам»,т.:84956632355,"пн-чт 08:00-20:00, пт 08:00-15:00, вс 08:00-19:00",Амбулаторно-поликлиническое обслуживание; Запись на приём по телефону клиники,https://rimc-rambam.ru/,4.9
"Московская обл, г Волоколамск, Рижское шоссе, д.41",МУЗ «Волоколамская центральная районная больница»,т.:+7 49636 21380,"пн-пт 08:00-20:00, сб 08:00-13:00",Амбулаторно-поликлиническое обслуживание; Запись на приём по телефону клиники,,3.9
"Московская обл, г Воскресенск, г Воскресенск, ул Железнодорожная, д. 2а","Общество с ограниченной ответственностью ""ЦЕНТР МЕДИЦИНЫ ТРУДА ВОСКРЕСЕНСК""",т.:4964414141,пн-пт 09:00-17:00,Амбулаторно-поликлиническое обслуживание; Запись на приём по телефону клиники,https://voskresensk.cmtmc.ru/,4.9
"г Москва, ул Донская, д.11, корп.2 (м. Октябрьская,Шаболовская)","ООО ""ВИТБИОМЕД +""",т.:7 495 1524441,пн-вс 09:00-18:00,Амбулаторно-поликлиническое обслуживание; Запись на приём по телефону клиники,https://vitbiomedplus.ru/voprosy-otvety,4.9
"г Москва, ул Долгоруковская, д.17, корп.1 (м.Менделеевская, Новослободская)","ООО ""Клиника Фомина Долгоруковская""","т.:79251285448 , 8 499 4448531",пн-пт 08:00-21:00,Амбулаторно-поликлиническое обслуживание; Запись на приём по телефону клиники; Экстренная стационарная помощь,https://fomin-clinic.ru/,5.0
"г Москва, Мичуринский пр-кт, д.15А (м.Ломоносовский проспект,Раменки)","ООО ""Клиника Фомина Мичуринский""","т.:8 499 4443160 , , 8 926 851 1821","пн-пт 08:00-21:00, сб 09:00-20:00, вс 10:00-19:00",Амбулаторно-поликлиническое обслуживание; Запись на приём по телефону клиники; Экстренная стационарная помощь,https://fomin-clinic.ru/,5.0
"г Москва, ул Барклая, д.13, корп.2 (м. Багратионовская,Филёвский парк)","ООО ""МЕД СИТИ""",т.:84951503388,"пн-пт 08:00-21:00, сб 09:00-18:00, вс 09:00-15:00",Амбулаторно-поликлиническое обслуживание; Запись на приём по телефону клиники,,5.0
"Московская обл, г Павловский Посад, г Павловский Посад, ул Каляева, д.3","ООО ""МЕДИАЛ""","т.:84964324409, 89060410405, 89261396031","пн-пт 08:00-20:00, сб 08:00-20:00, вс 08:00-18:00",Амбулаторно-поликлиническое обслуживание; Запись на приём по телефону клиники,https://idealclinic.ru/,4.9
"г Москва, Марьинский б-р, д.4 (м. Братиславская,Марьино)","ООО ""Медицина столицы""",т.:8 495 3479491,"пн-пт 08:00-20:00, сб 08:00-20:00, вс 09:00-18:00",Амбулаторно-поликлиническое обслуживание; Запись на приём по телефону клиники,https://stoclinic.ru/,4.9
"г Москва, ул Крутицкий Вал, д.26, корп.1 (м.Крестьянская Застава, Пролетарская)","ООО ""Медицинский центр ""Поликлиника.ру""",т.:84956498878,пн-вс 08:00-22:00,Амбулаторно-поликлиническое обслуживание; Запись на приём по телефону клиники,https://polyclinika.ru/,4.9
"г Москва, Каширское шоссе, д.74, корп.1 (м.Кантемировская, Каширская)","ООО ""Медквадрат-Куркино""",т.:8495 2680404,"пн-пт 08:00-21:00, сб 09:00-18:00, вс 10:00-16:00",Амбулаторно-поликлиническое обслуживание; Запись на приём по телефону клиники,https://medkvadrat.ru/clinic/kurkino_mature,4.8
"г Москва, ул Ландышевая, д.14, корп. 1 (м.Планерная,Пятницкое шоссе)","ООО ""Медквадрат-Куркино""",т.:8495 2680404,"пн-пт 09:00-21:00, сб 10:00-18:00, вс 10:00-16:00",Амбулаторно-поликлиническое обслуживание; Запись на приём по телефону клиники,https://medkvadrat.ru/clinic/kurkino_mature,4.8
"Москва, Воротынская ул, д.4 (м. Планерная,Пятницкое шоссе)","ООО ""Медквадрат-Куркино""",т.:8495 2680404,"пн-пт 08:00-21:00, сб 09:00-20:00, вс 10:00-18:00",Амбулаторно-поликлиническое обслуживание; Запись на приём по телефону клиники,https://medkvadrat.ru/clinic/kurkino_mature,4.8
"г Москва, ул Нижегородская, д.2, корп.1 (м.Крестьянская Застава, Пролетарская)","ООО ""ФЭМИЛИ КЛИНИКА""",,,Амбулаторно-поликлиническое обслуживание; Запись на приём по телефону клиники,https://mcgd.ru/,4.9
"г Москва, ул Мурановская, д.5 (м. Алтуфьево,Бибирево)","ООО ""Юни Медика""",т.:84959001010,"пн-пт 08:00-21:00, сб 08:00-21:00",Амбулаторно-поликлиническое обслуживание; Запись на приём по телефону клиники; Экстренная стационарная помощь,https://unimedica.pro/,4.8
"г Москва, ул Псковская, д.9, корп.1 (м. Алтуфьево,Бибирево)",ООО « Институт медико-социальных технологий и реабилитационной индустрии»,"т.:84999408105, 89852601566",,Амбулаторно-поликлиническое обслуживание; Запись на приём по телефону клиники,,4.1
"г Москва, Плетешковский пер, д.4 (м. Бауманская,Красносельская)",ООО «АВСМЕДИЦИНА»,т.:+ 7 495 2233883,"пн-пт 08:00-22:00, сб-вс 09:00-21:00",Амбулаторно-поликлиническое обслуживание; Запись на приём по телефону клиники,https://abc-medicina.com/,4.8
"г Москва, поселок Коммунарка, поселение Сосенское, ул Липовый парк, д.5, корп.1 (м.Бунинская аллея, Улица Горчакова)",ООО «АВСМЕДИЦИНА»,т.:8 495 2233883,"пн-пт 08:00-22:00, сб-вс 09:00-20:00",Амбулаторно-поликлиническое обслуживание; Запись на приём по телефону клиники,https://abc-medicina.com/,4.8
"г Москва, пр-кт Андропова, д.42, корп.1 (м.Каширская,Коломенская)",ООО «АВСМЕДИЦИНА»,т.:84952233883,"пн-пт 08:00-22:00, сб-вс 09:00-21:00",Амбулаторно-поликлиническое обслуживание; Запись на приём по телефону клиники,https://abc-medicina.com/,4.8
"г Москва, пр-кт Вернадского, д.33 (м. Проспект Вернадского,Раменки)",ООО «АВСМЕДИЦИНА»,т.:8 495 2233883,"пн-пт 08:00-22:00, сб-вс 09:00-21:00",Амбулаторно-поликлиническое обслуживание; Запись на приём по телефону клиники,https://abc-medicina.com/,4.8
"г Москва, ул 1905 года, д.17 (м. Беговая,Улица 1905 года)",ООО «АВСМЕДИЦИНА»,т.:+ 7 495 2233883,"пн-пт 08:00-22:00, сб-вс 09:00-21:00",Амбулаторно-поликлиническое обслуживание; Запись на приём по телефону клиники,https://abc-medicina.com/,4.8
"г Москва, ул Каргопольская, д.13, корп.1",ООО «АВСМЕДИЦИНА»,т.:84952233883,"пн-пт 08:00-22:00, сб-вс 08:00-21:00",Амбулаторно-поликлиническое обслуживание; Запись на приём по телефону клиники,https://abc-medicina.com/,4.8
"г Москва, ул Льва Толстого, д.10, корп.1 (м.Парк культуры)",ООО «АВСМЕДИЦИНА»,т.:+ 7 495 2233883,"пн-пт 08:00-22:00, сб-вс 09:00-21:00",Амбулаторно-поликлиническое обслуживание; Запись на приём по телефону клиники,https://abc-medicina.com/,4.8
"г Москва, ул Митинская, д.28",ООО «АВСМЕДИЦИНА»,т.:84952233883,"пн-пт 08:00-22:00, сб-вс 08:00-21:00",Амбулаторно-поликлиническое обслуживание; Запись на приём по телефону клиники,https://abc-medicina.com/,4.8
"г Москва, ул Мичуринский проспект. Олимпийская деревня, д.1, корп.4",ООО «АВСМЕДИЦИНА»,т.:84952233883,,Амбулаторно-поликлиническое обслуживание; Запись на приём по телефону клиники,https://abc-medicina.com/,4.8
"г Москва, ул Намёткина, д.17/68б",ООО «АВСМЕДИЦИНА»,т.:84952233883,"пн-пт 08:00-22:00, сб-вс 08:00-21:00",Амбулаторно-поликлиническое обслуживание; Запись на приём по телефону клиники,https://abc-medicina.com/,4.8
"г Москва, ул Пырьева, д.9, корп.3",ООО «АВСМЕДИЦИНА»,т.:84952233883,"пн-пт 08:00-21:00, сб-вс 08:00-20:00",Амбулаторно-поликлиническое обслуживание; Запись на приём по телефону клиники,https://abc-medicina.com/,4.8
"г Москва, ул Столетова, д.19 (м. Ломоносовский проспект,Раменки)",ООО «АВСМЕДИЦИНА»,т.:8 495 2233883,"пн-пт 08:00-22:00, сб-вс 09:00-21:00",Амбулаторно-поликлиническое обслуживание; Запись на приём по телефону клиники,https://abc-medicina.com/,4.8
"г Москва, Чистопрудный б-р, д.12, корп.2 (м.Тургеневская,Чистые пруды)",ООО «АВСМЕДИЦИНА»,т.:+74952233883,"пн-пт 08:00-22:00, сб-вс 09:00-21:00",Амбулаторно-поликлиническое обслуживание; Запись на приём по телефону клиники,https://abc-medicina.com/,4.8
"Московская обл, г Балашиха, Горенский б-р, д.3А",ООО «АВСМЕДИЦИНА»,т.:+ 7 495 2233883,"пн-пт 08:00-22:00, сб-вс 09:00-21:00",Амбулаторно-поликлиническое обслуживание; Запись на приём по телефону клиники,https://abc-medicina.com/,4.8
"Московская обл, г Красногорск, Подмосковный б-р, д.11 (м. Волоколамская,Мякинино)",ООО «АВСМЕДИЦИНА»,т.:8 495 2233883,"пн-пт 08:00-22:00, сб-вс 09:00-21:00",Амбулаторно-поликлиническое обслуживание; Запись на приём по телефону клиники,https://abc-medicina.com/,4.8
"Московская обл, г Красногорск, ул Новоархангельская, д.1",ООО «АВСМЕДИЦИНА»,т.:84952233883,"пн-пт 09:00-21:00, сб 09:00-21:00, вс 10:00-18:00",Амбулаторно-поликлиническое обслуживание; Запись на приём по телефону клиники,https://abc-medicina.com/,4.8
"Московская обл, г Одинцово, село Ромашково, г Одинцово, ул Никольская, д.10",ООО «АВСМЕДИЦИНА»,т.:8 495 2233883,"пн-пт 08:00-22:00, сб-вс 09:00-21:00",Амбулаторно-поликлиническое обслуживание; Запись на приём по телефону клиники,https://abc-medicina.com/,4.8
"Москва, Габричевского ул, д.5, корп.2 (м.Спартак,Щукинская)",ООО «Алмаз – Медицина»,т.:8 499 6540003,,Амбулаторно-поликлиническое обслуживание; Запись на приём по телефону клиники,https://almaz-antey.clinic/,4.3
"г Москва, Подсосенский пер, д.17 (м. Курская,Чкаловская)",ООО «ВЕСТ-ТЕХ»,"т.:84956282205, 84956283937",пн-вс 08:00-22:00,Амбулаторно-поликлиническое обслуживание; Запись на приём по телефону клиники,https://ves-teh.ru/,5.0
"г Москва, ул Маросейка, д.2/15, корп. 1 (м.Китай-город)",ООО «ВЕСТ-ТЕХ»,"т.:84956282205, 84956283937",пн-вс 08:00-20:00,Амбулаторно-поликлиническое обслуживание; Запись на приём по телефону клиники,https://ves-teh.ru/,5.0
"г Москва, Бескудниковский б-р, д.8, корп.1 (м.Верхние Лихоборы, Селигерская)",ООО «Восстановительная медицина»,т.:8 977 392 00 00,пн-вс 10:00-20:00,Амбулаторно-поликлиническое обслуживание; Запись на приём по телефону клиники,http://www.vvmr.ru/,4.3
"г Москва, Комсомольский пр-кт, д.32 (м.Спортивная,Фрунзенская)",ООО «ДОКМЕД»,,,Амбулаторно-поликлиническое обслуживание; Запись на приём по телефону клиники,https://docmed.ru/,5.0
"г Москва, ул Маршала Бирюзова, д.4, корп.1 (м.Зорге,Октябрьское поле)",ООО «ДОКМЕД»,т.:84951509951,пн-вс 08:00-21:00,Амбулаторно-поликлиническое обслуживание; Запись на приём по телефону клиники,https://docmed.ru/,5.0
"г Москва, ул Петра Алексеева, д.14, оф.23Н",ООО «ДОКМЕД»,т.:84991509951,пн-вс 09:00-21:00,Амбулаторно-поликлиническое обслуживание; Запись на приём по телефону клиники,https://docmed.ru/,5.0
"г Москва, ул Трубная, д.35, оф.1 (м. Сухаревская,Цветной бульвар)",ООО «ДОКМЕД»,т.:84951509951,пн-вс 08:00-21:00,Амбулаторно-поликлиническое обслуживание; Запись на приём по телефону клиники; Экстренная стационарная помощь,https://docmed.ru/,5.0
"Московская обл, г Подольск, мкр Климовск, ул Симферопольская, д.39а",ООО «Жемчужина Подолья»,"т.:84997058656, 84994003533",пн-вс 08:00-20:00,Амбулаторно-поликлиническое обслуживание; Запись на приём по телефону клиники,https://podolskclinic.ru/,4.9
"Московская обл, г Подольск, мкр Львовский, ул Горького, д.17",ООО «Жемчужина Подолья»,т.:84997058656,пн-вс 08:00-20:00,Амбулаторно-поликлиническое обслуживание; Запись на приём по телефону клиники,https://podolskclinic.ru/,4.9
"Московская обл, г Подольск, ул Большая Серпуховская, д.47, оф.2",ООО «Жемчужина Подолья»,"т.:84997058656, 84994003533","пн-пт 08:00-20:00, сб-вс 08:00-20:00",Амбулаторно-поликлиническое обслуживание; Запись на приём по телефону клиники,https://podolskclinic.ru/,4.9
"Московская обл, г Подольск, ул Комсомольская, д.28",ООО «Жемчужина Подолья»,т.:84997058656,пн-вс 08:00-20:00,Амбулаторно-поликлиническое обслуживание; Запись на приём по телефону клиники,https://podolskclinic.ru/,4.9
"Московская обл, г Подольск, ул Февральская, д.50",ООО «Жемчужина Подолья»,"т.:84997058656, 84994003533",пн-вс 08:00-20:00,Амбулаторно-поликлиническое обслуживание; Запись на приём по телефону клиники,https://podolskclinic.ru/,4.9
"Московская обл, г Бронницы, Марьинский пер, д.1",ООО «Иммунитет»,"т.:84954800101, 89857180202, 84959260599",пн-вс 07:00-20:00,Амбулаторно-поликлиническое обслуживание; Запись на приём по телефону клиники,https://iimmun.ru/index.php/iimm/index/index/ru_RU,4.8
"г Москва, пр-кт Мира, д.105, корп.1 (м.Алексеевская,ВДНХ)",ООО «К медицина»,т.:84951200810,"пн-пт 08:00-22:00, сб-вс 08:00-21:00",Амбулаторно-поликлиническое обслуживание; Запись на приём по телефону клиники,https://k-medica.ru/,4.8
"г Москва, Дмитровское шоссе, д.81, оф.3/2 (м.Верхние Лихоборы, Селигерская)",ООО «КДС»,т.:8 495 1210403,пн-вс 08:00-21:00,Амбулаторно-поликлиническое обслуживание; Запись на приём по телефону клиники,,4.3
"г Москва, Гамсоновский пер, д.2, корп.6",ООО «Клиника Будь Здоров»,т.:84950098882,"пн-пт 08:00-21:00, сб-вс 09:00-18:00",Амбулаторно-поликлиническое обслуживание; Запись на приём по телефону клиники,https://klinikabudzdorov.ru/,5.0
"г Москва, Неманский пр-д, д.13, корп. 2",ООО «Клиника Будь Здоров»,т.:84950098882,,Амбулаторно-поликлиническое обслуживание; Запись на приём по телефону клиники,https://klinikabudzdorov.ru/,5.0
"г Москва, Рязанский пр-кт, д.2Б (м. Андроновка,Нижегородская)",ООО «Клиника Будь Здоров»,т.:8495 009 88 82,пн-вс 07:30-21:00,Амбулаторно-поликлиническое обслуживание; Запись на приём по телефону клиники; Экстренная стационарная помощь,https://klinikabudzdorov.ru/,5.0
"г Москва, ул Рочдельская, д.15, корп. 35 (м.Краснопресненская,Улица 1905 года)",ООО «Клиника Будь Здоров»,т.:8495 009 88 82,,Амбулаторно-поликлиническое обслуживание; Запись на приём по телефону клиники,https://klinikabudzdorov.ru/,5.0
"Московская обл, г Балашиха, мкр Гагарина, д.18, оф.86",ООО «Клиника Доктора Савилова»,"т.:88001018764, 89688912909","пн-пт 08:00-21:00, сб-вс 08:00-21:00",Амбулаторно-поликлиническое обслуживание; Запись на приём по телефону клиники,https://savilov-clinic.ru/,2.0
"г Москва, Ленинский пр-кт, д.67, корп.2 (м.Академическая, Университет)",ООО «Клиника на Ленинском»,т.:+7 495 6680986,"пн-пт 07:30-20:00, сб-вс 09:00-18:00",Амбулаторно-поликлиническое обслуживание; Запись на приём по телефону клиники,https://klinika-na-leninskom.ru/,
"г Москва, Пестовский пер, д.16, корп. 1 (м.Марксистская,Таганская)",ООО «Клиника Профессиональной Медицины»,т.:+7 495 638 50 53,пн-пт 08:00-17:00,Амбулаторно-поликлиническое обслуживание; Запись на приём по телефону клиники,,4.7
"г Москва, ул Мясницкая, д.13, корп.13 (м.Тургеневская,Чистые пруды)",ООО «Клиника Центральная»,т.:8495 6440026,пн-вс 08:00-21:00,Амбулаторно-поликлиническое обслуживание; Запись на приём по телефону клиники,https://lit-clinic.ru/,5.0
"Московская обл, г Клин, г Клин, ул Карла Маркса, д.101",ООО «КлиНика»,"т.:84962499686, 84962499687",пн-вс 08:00-20:00,Амбулаторно-поликлиническое обслуживание; Запись на приём по телефону клиники,https://fomin-clinic.ru/,4.7
"Московская обл, г Солнечногорск, ул Красная, д.56",ООО «КлиНика»,т.:84962499687,,Амбулаторно-поликлиническое обслуживание; Запись на приём по телефону клиники,https://fomin-clinic.ru/,4.7
"г Москва, ул 1-я Брестская, д.13/14 (м. Маяковская,Тверская)",ООО «КМ-МЕД центр»,"т.:495 6264757, 6264765",,Амбулаторно-поликлиническое обслуживание; Запись на приём по телефону клиники,https://kmmedcenter.com/,5.0
"г Москва, ул Партизанская, д.41 (м. Крылатское,Молодежная)",ООО «Концерн «МОСКВИА ГРУПП»,т.:8 495 4199878 8 495 4781003,,Амбулаторно-поликлиническое обслуживание; Запись на приём по телефону клиники,,5.0
"Московская обл, г Королёв, ул Калинина, д.6А",ООО «КОРОЛЕВ МЕДИЦИНА»,т.:84994330771,"пн-пт 08:00-20:00, сб 08:00-20:00, вс 09:00-18:00",Амбулаторно-поликлиническое обслуживание; Запись на приём по телефону клиники,https://medmente.ru/,4.8
"г Москва, ул Новаторов, д.16",ООО «Лайф Клиник»,т.:84956461302,"пн-пт 08:00-20:00, сб 08:00-20:00",Амбулаторно-поликлиническое обслуживание; Запись на приём по телефону клиники,https://lifeclinics.ru/,
"Москва, Зеленоград, Савёлкинский проезд, д.4",ООО «Леконс»,т.:88002345834,пн-вс 08:00-21:00,Амбулаторно-поликлиническое обслуживание; Запись на приём по телефону клиники,http://lekons.com/,4.1
"г Москва, г Зеленоград, д.1130",ООО «Лечебно-диагностический медицинский центр «АКСИС»,т.:+7 499 2140000,"пн-пт 07:00-21:00, сб-вс 09:00-18:00",Амбулаторно-поликлиническое обслуживание; Запись на приём по телефону клиники,https://aksis-med.ru/,5.0
"г Москва, ул Давыдковская, д.5 (м. Пионерская,Славянский бульвар)",ООО «Лечебно-диагностический центр «Кутузовский»,т.:8 495 4781003,пн-вс 08:00-21:00,Амбулаторно-поликлиническое обслуживание; Запись на приём по телефону клиники,https://www.ldck.ru/,4.6
"г Москва, Зубовский б-р, д.16, корп.20 стр 1 (м.Парк культуры)",ООО «Лечебный центр»,т.:84957864525,"пн-пт 07:30-21:30, сб-вс 08:00-21:00",Амбулаторно-поликлиническое обслуживание; Запись на приём по телефону клиники,https://lcenter.ru/,4.7
"г Москва, ул Россолимо, д.5/22, корп. 1 (м.Парк культуры,Фрунзенская)",ООО «Лечебный центр»,т.:84957864525,"пн-пт 07:30-21:30, сб-вс 08:00-21:00",Амбулаторно-поликлиническое обслуживание; Запись на приём по телефону клиники,https://lcenter.ru/,4.7
"Москва, Тимура Фрунзе ул, д.15/1 (м. Парк культуры)",ООО «Лечебный центр»,т.:84957864525,"пн-пт 07:30-21:30, сб-вс 08:00-21:00",Амбулаторно-поликлиническое обслуживание; Запись на приём по телефону клиники,https://lcenter.ru/,4.7
"г Москва, пр-кт Мира, д.39, корп.1 (м. Алексеевская,ВДНХ)",ООО «ЛиМ» ( ООО «Открытая Клиника»),т.:84952553737,"пн-пт 08:00-21:00, сб-вс 09:00-20:00",Амбулаторно-поликлиническое обслуживание; Запись на приём по телефону клиники,https://limestore.com/ru_ru,5.0
"г Москва, ул 1905 года, д.7, корп.1 (м. Автово,Митино,Покровское-Стрешнево)",ООО «ЛиМ» ( ООО «Открытая Клиника»),т.:84952553737,"пн-пт 08:00-21:00, сб-вс 09:00-20:00",Амбулаторно-поликлиническое обслуживание; Запись на приём по телефону клиники,https://limestore.com/ru_ru,5.0
"г Москва, ул 1905 года, д.7, корп.1 (м. Краснопресненская,Улица 1905 года)",ООО «ЛиМ» ( ООО «Открытая Клиника»),т.:84952553737,"пн-пт 08:00-21:00, сб-вс 09:00-20:00",Амбулаторно-поликлиническое обслуживание; Запись на приём по телефону клиники,https://limestore.com/ru_ru,5.0
"Московская обл, Балашиха г/Саввино мкр, 1 Мая ул, д.2, корп.1",ООО «Мед Гарант»,"т.:7 495 3696091, 7 495 3696092, 7 495 1818515","пн-пт 07:30-21:00, сб 08:00-20:00",Амбулаторно-поликлиническое обслуживание; Запись на приём по телефону клиники,https://medgarant.info/,5.0
"г Москва, г Московский, мкр 1-й, поселение Московский, д.23Г",ООО «Мед-сервис»,т.:7 495 5405949,"пн-пт 08:00-20:00, сб 08:00-20:00, вс 09:00-18:00",Амбулаторно-поликлиническое обслуживание; Запись на приём по телефону клиники,http://medservice.info/,4.2
"г Москва, г Московский, поселение Московский, ул Московская, д.1",ООО «Мед-сервис»,,,Амбулаторно-поликлиническое обслуживание; Запись на приём по телефону клиники,http://medservice.info/,4.2
"Московская обл, г Солнечногорск, ул Крестьянская, д.12",ООО «Медики»,т.:84959940898,"пн-пт 08:00-21:00, сб 08:00-21:00, вс 09:00-20:00",Амбулаторно-поликлиническое обслуживание; Запись на приём по телефону клиники,https://old.волонтеры-медики.рф/,4.7
"г Москва, ул Кржижановского, д.2/21 (м.Академическая,Профсоюзная)",ООО «Медико-оздоровительный центр Южный»,,"пн-пт 09:00-20:00, сб-вс 09:00-17:00",Амбулаторно-поликлиническое обслуживание; Запись на приём по телефону клиники,https://yuzhny.ru/,4.7
"Москва, Варшавское ш, д.126 (м. Чертановская,Южная)",ООО «Медико-оздоровительный центр Южный»,"т.:+7 495 660 38 38, +7 495 315 51 63","пн-пт 09:00-20:00, сб-вс 09:00-18:00",Амбулаторно-поликлиническое обслуживание; Запись на приём по телефону клиники,https://yuzhny.ru/,4.7
"г Москва, Большой Лёвшинский пер, д.6/2, оф.3 (м.Парк Культуры, Смоленская)",ООО «Медитэк групп»,т.:8 495 2582453,пн-пт 08:00-18:00,Амбулаторно-поликлиническое обслуживание; Запись на приём по телефону клиники,,4.8
"г Москва, Краснопресненская наб, д. 12 (м.Выставочная,Улица 1905 года)",ООО «Медитэк групп»,т.:8 495 2582453,пн-пт 09:00-18:00,Амбулаторно-поликлиническое обслуживание; Запись на приём по телефону клиники,,4.8
"г Москва, Комсомольский пр-кт, д.17, корп.11 (м.Спортивная,Фрунзенская)",ООО «Медицина АльфаСтрахование» ( ООО «МедАС»),т.:84954192146,"пн-пт 08:00-21:00, сб-вс 09:00-19:00",Амбулаторно-поликлиническое обслуживание; Запись на приём по телефону клиники,https://www.alfastrah.ru/individuals/life/oms/,4.7
"г Москва, г Московский, поселение Московский, ул Москвитина, д.3, корп.1 (м.Новопеределкино, Рассказовка)",ООО «Медицина СК»,т.:84958033213,пн-вс 08:00-20:00,Амбулаторно-поликлиническое обслуживание; Запись на приём по телефону клиники,https://zdrav26.ru/service-free-schedule,4.3
"Московская обл, г Ступино, ул Первомайская, д.59",ООО «Медицинский Реабилитационный Центр «Московия»,"т.:8496 6470705, 84966470710",пн-вс 08:00-21:00,Амбулаторно-поликлиническое обслуживание; Запись на приём по телефону клиники,https://med-rf.ru/,4.3
"г Москва, Ленинский пр-кт, д.90 (м. Новые Черёмушки,Проспект Вернадского)",ООО «Медицинский центр «Столица»,т.:495 6041010,пн-вс 08:00-21:00,Амбулаторно-поликлиническое обслуживание; Запись на приём по телефону клиники,https://stomed.ru/,4.7
"г Москва, ул Профсоюзная, д.114 (м. Беляево,Коньково)",ООО «Медицинский центр «Столица»,т.:84956481416,пн-вс 08:00-21:00,Амбулаторно-поликлиническое обслуживание; Запись на приём по телефону клиники,https://stomed.ru/,4.7
"Москва, Власьевский Б. пер, д.9 (м. Смоленская)",ООО «Медицинский центр «Столица»,т.:495 6041010,пн-вс 08:00-21:00,Амбулаторно-поликлиническое обслуживание; Запись на приём по телефону клиники,https://stomed.ru/,4.7
"Москва, Ленинский пр-кт, д.146 (м. Тропарёво,Юго-Западная)",ООО «Медицинский центр «Столица»,т.:+7 499 4029203,круглосуточно,Амбулаторно-поликлиническое обслуживание; Запись на приём по телефону клиники,https://stomed.ru/,4.7
"Москва, Лётчика Бабушкина ул, д.48 (м.Бабушкинская,Медведково)",ООО «Медицинский центр «Столица»,т.:495 6041010,пн-вс 08:00-21:00,Амбулаторно-поликлиническое обслуживание; Запись на приём по телефону клиники,https://stomed.ru/,4.7
"Москва, Родионовская ул, д.2, корп. стр.1 (м.Планерная)",ООО «Медицинский Центр Куркино»,т.:8495 6603090 8499 9950466,пн-вс 09:00-21:00,Амбулаторно-поликлиническое обслуживание; Запись на приём по телефону клиники,https://medkvadrat.ru/clinic/kurkino_mature,4.3
"г Москва, ул Ботаническая, д.41, корп. 7 (м.Владыкино)",ООО «Медицинский Центр на Ботанической»,т.:84953237331,пн-вс 09:00-20:00,Амбулаторно-поликлиническое обслуживание; Запись на приём по телефону клиники,,4.5
"г Москва, Кутузовский пр-кт, д.32, корп.1 (м.Кутузовская)",ООО «МЕДЭКСПЕРТ ПЛЮС»,т.:7 495 13963 61,"пн-пт 08:00-21:00, сб 09:00-16:00",Амбулаторно-поликлиническое обслуживание; Запись на приём по телефону клиники,https://www.plus-medexpert.ru/contacts,5.0
"г Москва, Кутузовский пр-кт, д.34, корп.14, оф.10/1 (м.Кутузовская)",ООО «МЕДЭКСПЕРТ ПЛЮС»,т.:7 495 13963 61,"пн-пт 08:00-21:00, сб 09:00-16:00",Амбулаторно-поликлиническое обслуживание; Запись на приём по телефону клиники,https://www.plus-medexpert.ru/contacts,5.0
"г Москва, ул Октябрьская, д.2 (м. Достоевская,Новослободская)",ООО «Международный Центр Охраны Здоровья»,т.:84951208899,пн-вс 09:00-18:00,Амбулаторно-поликлиническое обслуживание; Запись на приём по телефону клиники; Экстренная стационарная помощь,https://medvedev.ru/,5.0
"г Москва, Озерковская наб, д.4 (м. Новокузнецкая,Третьяковская)",ООО «МК «Семейный доктор»,т.:8 495 7757566,,Амбулаторно-поликлиническое обслуживание; Запись на приём по телефону клиники,https://www.fdoctor.ru/,4.9
"г Москва, ул 1-я Миусская, д.2, корп.3 (м.Менделеевская,Новослободская)",ООО «МК «Семейный доктор»,т.:8 495 7757566,,Амбулаторно-поликлиническое обслуживание; Запись на приём по телефону клиники,https://www.fdoctor.ru/,4.9
"г Москва, ул Бауманская, д.58/25, корп.12 стр 2 (м.Бауманская,Курская)",ООО «МК «Семейный доктор»,т.:8 495 7757566,,Амбулаторно-поликлиническое обслуживание; Запись на приём по телефону клиники,https://www.fdoctor.ru/,4.9
"г Москва, ул Усачёва, д.33, корп.3 (м. Спортивная,Фрунзенская)",ООО «МК «Семейный доктор»,т.:8 495 7757566,,Амбулаторно-поликлиническое обслуживание; Запись на приём по телефону клиники,https://www.fdoctor.ru/,4.9
"г Москва, Пятницкое шоссе, д.15 (м. Волоколамская,Митино)",ООО «МЦ Мультимед Митино»,т.:+7 495 7948303 +7 495 7947713 +7 916 7093183,"пн-пт 09:00-20:00, сб 09:00-18:00, вс 10:00-15:00",Амбулаторно-поликлиническое обслуживание; Запись на приём по телефону клиники,https://мультимед-митино.рф/,4.6
"г Москва, Мячковский б-р, д.13 (м. Братиславская,Марьино)",ООО «МЦ Экстра»,т.:84952254550,пн-вс 08:00-20:00,Амбулаторно-поликлиническое обслуживание; Запись на приём по телефону клиники,https://mc-extra.ru/,4.7
"г Москва, ул Красноармейская, д.5 (м. Динамо,Петровский парк)",ООО «МЦ Экстра»,"т.:88002012304, 89269790303",,Амбулаторно-поликлиническое обслуживание; Запись на приём по телефону клиники,https://mc-extra.ru/,4.7
"г Москва, ул Алабяна, д.13, корп.1 (м. Панфиловская,Сокол)",ООО «Мэйджор Клиник»,т.:+74950250101,"пн-пт 07:00-21:00, сб 08:00-20:00",Амбулаторно-поликлиническое обслуживание; Запись на приём по телефону клиники,https://www.major-clinic.ru/,4.8
"г Москва, ул Большая Серпуховская, д.16/15, корп.1 (м.Добрынинская, Серпуховская)",ООО «Мэйджор Клиник»,т.:7 495 0250101,,Амбулаторно-поликлиническое обслуживание; Запись на приём по телефону клиники,https://www.major-clinic.ru/,4.8
"Москва, Международная ул, д.19 (м. Площадь Ильича,Римская)",ООО «Мэйджор Клиник»,т.:+7 495 6789001,"пн-пт 08:00-21:00, сб 09:00-16:00",Амбулаторно-поликлиническое обслуживание; Запись на приём по телефону клиники,https://www.major-clinic.ru/,4.8
"г Москва, ул Школьная, д.11 (м. Площадь Ильича,Римская)",ООО «НИКИТА И КО»,т.:4952369611,"пн-пт 07:30-21:30, сб 08:30-20:00, вс 09:00-19:00",Амбулаторно-поликлиническое обслуживание; Запись на приём по телефону клиники,https://doct.ru/about/,5.0
"г Москва, ул Школьная, д.49 (м. Площадь Ильича,Римская)",ООО «НИКИТА И КО»,т.:7 495 2369611,"пн-пт 07:30-21:30, сб 08:30-20:00, вс 09:00-19:00",Амбулаторно-поликлиническое обслуживание; Запись на приём по телефону клиники,https://doct.ru/about/,5.0
"г Москва, ул 9-я Парковая, д.8А (м. Измайловская,Первомайская)",ООО «ОЛЛА-МЕД»,т.:+7 495 1092209,,Амбулаторно-поликлиническое обслуживание; Запись на приём по телефону клиники,https://ollamed.ru/,4.8
"г Москва, Зубовский б-р, д.35, корп.1 (м.Парк культуры)",ООО «Он Клиник на Зубовском»,"т.:84957231553, 84952232222",пн-вс 09:00-21:00,Амбулаторно-поликлиническое обслуживание; Запись на приём по телефону клиники,https://gdestomatklinika.ru/komp/on-klinik-moskva,4.3
"г Москва, ул Большая Молчановка, д. 32, корп.1 (м.Арбатская)",ООО «Он Клиник»,"т.:84952291782, 84952232222",пн-вс 09:00-21:00,Амбулаторно-поликлиническое обслуживание; Запись на приём по телефону клиники,,4.6
"г Москва, ул Воронцовская, д.8, корп. 6 (м.Марксистская,Таганская)",ООО «Он Клиник»,"т.:84952232279, 84952232222",пн-вс 09:00-21:00,Амбулаторно-поликлиническое обслуживание; Запись на приём по телефону клиники; Экстренная стационарная помощь,,4.6
"г Москва, ул Трехгорный Вал, д.12, корп.2 (м.Краснопресненская,Улица 1905 года)",ООО «Он Клиник»,"т.:84952291901, 84952232222",пн-вс 09:00-21:00,Амбулаторно-поликлиническое обслуживание; Запись на приём по телефону клиники,,4.6
"г Москва, Цветной б-р, д.30, корп.2 (м.Трубная,Цветной бульвар)",ООО «Он Клиник»,"т.:84952582526, 84952232222",пн-вс 09:00-21:00,Амбулаторно-поликлиническое обслуживание; Запись на приём по телефону клиники,,4.6
"г Москва, Северный б-р, д.7Б (м. Бибирево,Отрадное)",ООО «Первый Доктор»,т.:4959213399,пн-вс 09:00-21:00,Амбулаторно-поликлиническое обслуживание; Запись на приём по телефону клиники,https://1doctor.ru/,4.4
"г Москва, ул Киевская, д.22 (м. Кутузовская,Студенческая)",ООО «Первый Доктор»,т.:4959213399,пн-вс 09:00-21:00,Амбулаторно-поликлиническое обслуживание; Запись на приём по телефону клиники,https://1doctor.ru/,4.4
"г Москва, ул Митинская, д.59",ООО «ПолиКлиника Отрадное»,т.:84952155690,"пн-пт 08:00-21:00, сб-вс 09:00-21:00",Амбулаторно-поликлиническое обслуживание; Запись на приём по телефону клиники,https://polyclin.ru/,3.7
"Москва, Алтуфьевское ш, д.28К1 (м. Верхние Лихоборы,Отрадное)",ООО «ПолиКлиника Отрадное»,т.:84952155690,"пн-пт 08:00-21:00, сб 09:00-21:00",Амбулаторно-поликлиническое обслуживание; Запись на приём по телефону клиники,https://polyclin.ru/,3.7
"г Москва, ул Гиляровского, д.57 (м. Проспект Мира,Рижская)",ООО «Поликлиника Центросоюза»,"т.:495 6841298, 495 6840403, 495 6842645","пн-пт 08:00-20:00, сб 09:00-18:00, вс 09:00-15:00",Амбулаторно-поликлиническое обслуживание; Запись на приём по телефону клиники; Экстренная стационарная помощь,https://clinic-cs.ru/,4.6
"г Москва, ул Адмирала Лазарева, д. 54, корп.1 (м.Бунинская аллея,Улица Горчакова)",ООО «ПреАмбула»,т.:84959730373,"пн-пт 08:00-20:00, сб-вс 09:00-18:00",Амбулаторно-поликлиническое обслуживание; Запись на приём по телефону клиники,https://www.pre-ambula.ru/,5.0
"г Москва, ул Новокосинская, д.10, корп.1 (м.Выхино,Новокосино)",ООО «ПреАмбула»,т.:84959730373,"пн-пт 08:00-20:00, сб-вс 09:00-18:00",Амбулаторно-поликлиническое обслуживание; Запись на приём по телефону клиники,https://www.pre-ambula.ru/,5.0
"г Москва, ул Окская, д.3, корп.1 (м. Кузьминки,Текстильщики)",ООО «ПреАмбула»,т.:84959730373,"пн-пт 08:00-20:00, сб-вс 09:00-18:00",Амбулаторно-поликлиническое обслуживание; Запись на приём по телефону клиники,https://www.pre-ambula.ru/,5.0
"г Москва, ул Привольная, д.77 (м. Жулебино,Котельники)",ООО «ПреАмбула»,т.:84959730373,"пн-пт 08:00-20:00, сб-вс 09:00-18:00",Амбулаторно-поликлиническое обслуживание; Запись на приём по телефону клиники,https://www.pre-ambula.ru/,5.0
"Московская обл, г Химки, Юбилейный пр-кт, д.6А, оф.8 (м.Планерная, Ховрино)",ООО «Премиум клиник-2»,т.:7495 0951960,,Амбулаторно-поликлиническое обслуживание; Запись на приём по телефону клиники,https://premium-clinic.ru/,5.0
"г Москва, ул Минусинская, д.3, оф.1/1 (м.Бабушкинская,Медведково)",ООО «Профмедпомощь»,"т.:84991845511, 84991845577","пн-пт 08:00-20:00, сб-вс 08:00-17:00",Амбулаторно-поликлиническое обслуживание; Запись на приём по телефону клиники,https://profmedhelp.ru/,4.9
"г Москва, ул Полковая, д.12, корп.1 (м.Савёловская)",ООО «Салюс»,т.:7 495 150 90 09,,Амбулаторно-поликлиническое обслуживание; Запись на приём по телефону клиники,https://roosalus.ru/,4.5
"г Москва, Ленинский пр-кт, д.111, оф. 1 (м.Проспект Вернадского,Юго-Западная)",ООО «Семейная клиника «Доктор АННА»,"т.:84957358877, 84951342526",пн-вс 09:00-21:00,Амбулаторно-поликлиническое обслуживание; Запись на приём по телефону клиники,https://doctor-anna.ru/,4.9
"г Москва, ул Миклухо-Маклая, д.36А (м.Беляево,Коньково)",ООО «Семейная клиника «Доктор АННА»,"т.:84957358899, 84951342526",пн-вс 08:00-21:00,Амбулаторно-поликлиническое обслуживание; Запись на приём по телефону клиники,https://doctor-anna.ru/,4.9
"Московская обл, г Ивантеевка, г Пушкино, ул Луговая, д.3",ООО «Семейная клиника здоровье»,"т.:84965060404, 89035240505",пн-вс 08:00-21:00,Амбулаторно-поликлиническое обслуживание; Запись на приём по телефону клиники,https://z-clinic.ru/,
"Московская обл, г Ивантеевка, г Пушкино, ул Трудовая, д.7",ООО «Семейная клиника здоровье»,"т.:84965060404, 89035240505",пн-вс 08:00-21:00,Амбулаторно-поликлиническое обслуживание; Запись на приём по телефону клиники,https://z-clinic.ru/,
"Московская обл, г Химки, ул Лавочкина, д.22",ООО «Семейная медицинская клиника»,"т.:84959467000, 84959498000","пн-пт 08:00-20:00, сб-вс 09:00-19:00",Амбулаторно-поликлиническое обслуживание; Запись на приём по телефону клиники,https://semeynaya.ru/adresa-klinik/,4.8
"Московская обл, г Химки, ул Маяковского, д.1",ООО «Семейная медицинская клиника»,"т.:84959467000, 84959498000","пн-пт 08:00-20:00, сб-вс 09:00-19:00",Амбулаторно-поликлиническое обслуживание; Запись на приём по телефону клиники,https://semeynaya.ru/adresa-klinik/,4.8
"Московская обл, г Сергиев Посад, г Сергиев Посад, пр-кт Красной Армии, д.81а, корп.1",ООО «Семейная поликлиника №1»,т.:88005550909,пн-вс 08:00-21:00,Амбулаторно-поликлиническое обслуживание; Запись на приём по телефону клиники,,5.0
"Московская обл, г Хотьково, г Сергиев Посад, ул Заводская, д.1",ООО «Семейная поликлиника №1»,т.:88005550909,"пн-пт 08:00-20:00, сб 08:00-20:00, вс 09:00-16:00",Амбулаторно-поликлиническое обслуживание; Запись на приём по телефону клиники,,5.0
"Московская обл, г Королёв, мкр Болшево, ул Станционная, д.33",ООО «Семейная поликлиника №4»,т.:88005550909,"пн-пт 07:00-21:00, сб 07:00-21:00, вс 08:00-21:00",Амбулаторно-поликлиническое обслуживание; Запись на приём по телефону клиники,,5.0
"Московская обл, г Мытищи, ул Колпакова, д.41",ООО «СЕМЕЙНАЯ ПОЛИКЛИНИКА №5»,т.:84997041114,"пн-пт 08:00-21:00, сб 08:00-20:00, вс 09:00-15:00",Амбулаторно-поликлиническое обслуживание; Запись на приём по телефону клиники,,5.0
"Московская обл, г Балашиха, мкр Железнодорожный, ул Маяковского, д.14А",ООО «Семейный медицинский центр»,т.:+7 499 5023636,пн-вс 08:00-21:00,Амбулаторно-поликлиническое обслуживание; Запись на приём по телефону клиники,https://www.fdoctor.ru/,4.9
"Московская обл, г Балашиха, мкр Ольгино, ул Граничная, д.18, корп.2",ООО «Семейный медицинский центр»,т.:+7 499 5023636,пн-вс 08:00-22:00,Амбулаторно-поликлиническое обслуживание; Запись на приём по телефону клиники,https://www.fdoctor.ru/,4.9
"г Москва, Каширское шоссе, д.56, корп.1 (м.Кантемировская, Каширская)",ООО «Сеть семейных медицинских центров»,т.:8 495 6625885,пн-вс 09:00-21:00,Амбулаторно-поликлиническое обслуживание; Запись на приём по телефону клиники,https://semeynaya.ru/,4.7
"г Москва, ул Сергия Радонежского, д. 5/2, корп.1 (м.Площадь Ильича, Римская)",ООО «Сеть семейных медицинских центров»,т.:8 495 6625885,пн-вс 09:00-21:00,Амбулаторно-поликлиническое обслуживание; Запись на приём по телефону клиники; Экстренная стационарная помощь,https://semeynaya.ru/,4.7
"г Москва, Хорошёвское шоссе, д.80 (м.Полежаевская,Хорошёвская)",ООО «Сеть семейных медицинских центров»,т.:8 495 6625885,пн-вс 09:00-21:00,Амбулаторно-поликлиническое обслуживание; Запись на приём по телефону клиники,https://semeynaya.ru/,4.7
"Московская обл, г Истра, деревня Покровское, г Истра, ул Центральная, д.27",ООО «Сеть семейных медицинских центров»,т.:8 495 6625885,пн-вс 09:00-21:00,Амбулаторно-поликлиническое обслуживание; Запись на приём по телефону клиники,https://semeynaya.ru/,4.7
"г Москва, ул 2-я Кабельная, д.2, корп. 25 (м.Авиамоторная,Андроновка)",ООО «Скандинавский центр здоровья»,"т.:+7 495 2808200, +7 495 6450054, +7 495 2808200 доб 707","пн-пт 08:00-21:00, сб 09:00-20:00, вс 09:00-18:00",Амбулаторно-поликлиническое обслуживание; Запись на приём по телефону клиники,https://www.scz.ru/,4.9
"г Москва, ул 2-я Кабельная, д.2, корп. 26 (м.Авиамоторная,Андроновка)",ООО «Скандинавский центр здоровья»,"т.:+7 495 2808200, +7 495 6450054, +7 495 2808200 доб 707","пн-пт 08:00-21:00, сб 09:00-20:00, вс 09:00-18:00",Амбулаторно-поликлиническое обслуживание; Запись на приём по телефону клиники,https://www.scz.ru/,4.9
"г Москва, ул 2-я Кабельная, д.2, корп. 37 (м.Авиамоторная,Андроновка)",ООО «Скандинавский центр здоровья»,"т.:+7 495 2808200, +7 495 6450054, +7 495 2808200 доб 707","пн-пт 08:00-21:00, сб 09:00-20:00, вс 09:00-18:00",Амбулаторно-поликлиническое обслуживание; Запись на приём по телефону клиники,https://www.scz.ru/,4.9
"г Москва, Мичуринский пр-кт, д.31, корп.7 (м.Мичуринский проспект, Раменки)",ООО «СОН-МЕД»,т.:8 495 7580000,,Амбулаторно-поликлиническое обслуживание; Запись на приём по телефону клиники,,4.5
"Московская обл, г Подольск, ул Мира, д.12/5",ООО «Стоик 2002»,т.:89295853055; 84967695858,"пн-пт 09:00-19:00, сб-вс 09:00-18:00",Амбулаторно-поликлиническое обслуживание; Запись на приём по телефону клиники,,4.6
"Московская обл, г Руза, ул Федеративная, д.15",ООО «Столичная диагностика 50»,"т.:495 1203636, 89154800303",пн-вс 08:00-19:00,Амбулаторно-поликлиническое обслуживание; Запись на приём по телефону клиники,,
"Московская обл, г Люберцы, Октябрьский пр-кт, д.133 (м.ВДНХ)",ООО «Стомед»,т.:84952210500,пн-вс 09:00-21:00,Амбулаторно-поликлиническое обслуживание; Запись на приём по телефону клиники,https://100med.ru/,5.0
"г Москва, Строгинский б-р, д.10, корп. 3 (м.Мякинино,Строгино)",ООО «Студия Смайл Элит»,"т.:84959427790, 84997401715","пн-пт 08:00-21:00, сб 09:00-20:00, вс 10:00-18:00",Амбулаторно-поликлиническое обслуживание; Запись на приём по телефону клиники,https://studiosmile.ru/,5.0
"Московская обл, г Белоозёрский, г Воскресенск, ул 60 лет Октября, д. 22/1",ООО «Точка Зрения»,"т.:496 4455677, 496 4455433, 89299421361",пн-вс 07:30-19:30,Амбулаторно-поликлиническое обслуживание; Запись на приём по телефону клиники,https://tochka-zrenia.ru/,4.7
"Московская обл, г Воскресенск, г Воскресенск, ул Менделеева, д.28а",ООО «Точка Зрения»,"т.:496 4426666, 496 4426200, 89299421344",пн-вс 08:00-20:00,Амбулаторно-поликлиническое обслуживание; Запись на приём по телефону клиники,https://tochka-zrenia.ru/,4.7
"Московская обл, г Воскресенск, г Воскресенск, ул Октябрьская, д.11, оф.4",ООО «Точка Зрения»,"т.:496 4420102, 496 4420707, 89299421232",пн-вс 08:00-20:00,Амбулаторно-поликлиническое обслуживание; Запись на приём по телефону клиники,https://tochka-zrenia.ru/,4.7
"г Москва, ул Кожевническая, д.10, корп.1 (м.Павелецкая)",ООО «Фирма ОРИС»,т.:84957870303,пн-пт 09:00-21:00,Амбулаторно-поликлиническое обслуживание; Запись на приём по телефону клиники,https://www.oris.ch/ru-RU,4.3
"Москва, Профсоюзная ул, д.154с1 (м. Коньково,Тёплый Стан)",ООО «Фирма ОРИС»,,,Амбулаторно-поликлиническое обслуживание; Запись на приём по телефону клиники,https://www.oris.ch/ru-RU,4.3
"Москва, Ямского Поля 3-я ул, д.18 (м. Белорусская)",ООО «Фирма ОРИС»,т.:84952287788 доб 606,"пн-пт 08:00-20:00, сб 09:00-18:00",Амбулаторно-поликлиническое обслуживание; Запись на приём по телефону клиники,https://www.oris.ch/ru-RU,4.3
"г Москва, Каширское шоссе, д.51, корп.3 (м.Кантемировская,Царицыно)",ООО «ЦЕНТР ЗДОРОВЬЯ»,т.:84951347666 115211,"пн-пт 09:00-21:00, сб 09:00-21:00, вс 09:00-20:00",Амбулаторно-поликлиническое обслуживание; Запись на приём по телефону клиники,https://www.scz.ru/,5.0
"г Москва, ул Кантемировская, д.53, корп.1 (м.Кантемировская, Каширская)",ООО «ЦЕНТР ЗДОРОВЬЯ»,т.:84951340666115477,"пн-пт 09:00-21:00, сб 09:00-21:00, вс 09:00-20:00",Амбулаторно-поликлиническое обслуживание; Запись на приём по телефону клиники,https://www.scz.ru/,5.0
"Московская обл, г Павловский Посад, ул Привокзальная, д.14",ООО «Центр Современной Медицины»,"т.:8 985 833 03 03, 8 49643 9 27 80, 8 49643 2 90 03",пн-вс 07:30-19:00,Амбулаторно-поликлиническое обслуживание; Запись на приём по телефону клиники,http://sovremed.com/,4.9
"Московская обл, Ногинск, Ногинский р-н, Комсомольская ул, д.61",ООО «Центр современной медицины» ( ООО «ЦСМ»),т.:84955113606,"пн-пт 08:00-19:00, сб-вс 08:00-18:00",Амбулаторно-поликлиническое обслуживание; Запись на приём по телефону клиники,https://www.csmpp.ru/,4.9
"г Москва, г Зеленоград, д.1824 (м. Водный стадион,Коптево)",ООО «ЭКОМЕД»,т.:84952555533,"пн-пт 09:00-20:00, сб 09:00-20:00, вс 09:00-18:00",Амбулаторно-поликлиническое обслуживание; Запись на приём по телефону клиники,,5.0
"г Москва, Товарищеский пер, д.10, корп.1 (м.Марксистская,Таганская)",ООО Клиника «Креде Эксперто»,т.:+7 495 2324840,пн-вс 08:00-21:00,Амбулаторно-поликлиническое обслуживание; Запись на приём по телефону клиники,https://www.c-experto.ru/,4.6
"г Москва, Товарищеский пер, д.8, корп.1 (м.Марксистская,Таганская)",ООО Клиника «Креде Эксперто»,т.:+7 495 2324840,пн-вс 08:00-21:00,Амбулаторно-поликлиническое обслуживание; Запись на приём по телефону клиники,https://www.c-experto.ru/,4.6
"г Москва, Каширское шоссе, д.24, корп.8 (м.Каширская)",ООО Медицинский Научный Центр «МедБиоСпектр»,т.:84952312613,"пн-пт 08:00-21:00, сб 09:00-18:00",Амбулаторно-поликлиническое обслуживание; Запись на приём по телефону клиники,https://medbiospectr.ru/,4.7
"Московская обл, г Сергиев Посад, г Сергиев Посад, ул Глинки, д.8а",ООО Медицинский центр «ВЕГА-М»,"т.:84965493339, 89167333169","пн-пт 07:00-21:00, сб 07:00-20:00, вс 07:07-20:00",Амбулаторно-поликлиническое обслуживание; Запись на приём по телефону клиники,https://vega-msp.ru/,5.0
"Московская обл, г Клин, г Клин, ул Ленинградская, д.2/11",ООО Медицинский центр «Надежда»,т.:89689902614,"пн-пт 08:00-19:00, сб-вс 08:00-17:00",Амбулаторно-поликлиническое обслуживание; Запись на приём по телефону клиники,https://center-hope.ru/,4.6
"г Москва, Ленинский пр-кт, д.66 (м. Академическая,Университет)",ООО Медицинский центр «Неболит»,т.:8 495 1200707,"пн-пт 09:00-19:00, сб-вс 10:00-17:00",Амбулаторно-поликлиническое обслуживание; Запись на приём по телефону клиники,https://www.nebolit.ru/,4.8
"Москва, Варшавское ш, д.89 (м. Варшавская,Севастопольская)",ООО Медицинский центр «Неболит»,т.:8 495 1200707,"пн-пт 09:00-18:00, сб-вс 09:00-15:00",Амбулаторно-поликлиническое обслуживание; Запись на приём по телефону клиники,https://www.nebolit.ru/,4.8
"Московская обл, г Раменское, деревня Островцы, ул Подмосковная, д.15",ООО Николь,т.:84953803855,пн-вс 09:00-21:00,Амбулаторно-поликлиническое обслуживание; Запись на приём по телефону клиники,https://www.nickol.ru/,5.0
"Москва, Иваньковское ш, д.7 (м. Тушинская,Щукинская)",ФБУ «Центральная клиническая больница гражданской авиации»,"т.:84954900430, 84954900117",пн-пт 08:00-15:30,Амбулаторно-поликлиническое обслуживание; Запись на приём по телефону клиники,,4.3
"г Москва, Ломоносовский пр-кт, д.43 (м.Ломоносовский проспект,Раменки)",ФБУЗ «Лечебно-реабилитационный центр Министерства экономического развития Российской Федерации»,т.:84997830303,"пн-пт 08:00-20:00, сб 08:00-20:00, вс 09:00-15:00",Амбулаторно-поликлиническое обслуживание; Запись на приём по телефону клиники,http://www.medcity.ru/,4.8
"г Москва, Скатертный пер, д.10-12, корп.1 (м.Арбатская)",ФБУЗ «Лечебно-реабилитационный центр Министерства экономического развития Российской Федерации»,т.:8 495 6970000,"пн-пт 07:30-20:20, сб 09:00-17:00, вс 09:00-14:00",Амбулаторно-поликлиническое обслуживание; Запись на приём по телефону клиники,http://www.medcity.ru/,4.8
"г Москва, Сверчков пер, д.5 (м. Тургеневская,Чистые пруды)",ФГАОУ ВО Первый МГМУ им.И. М. Сеченова Минздрава России (Сеченовский Университет),т.:8 499 450 88 89,пн-пт 08:00-19:00,Амбулаторно-поликлиническое обслуживание; Запись на приём по телефону клиники; Экстренная стационарная помощь,,4.3
"г Москва, ул Большая Пироговская, д. 19, корп.1 (м.Спортивная, Фрунзенская)",ФГАОУ ВО Первый МГМУ им.И. М. Сеченова Минздрава России (Сеченовский Университет),т.:8 499 450 88 89,"пн-пт 08:30-20:30, сб 08:30-16:30",Амбулаторно-поликлиническое обслуживание; Запись на приём по телефону клиники; Экстренная стационарная помощь,,4.3
"г Москва, ул Большая Пироговская, д. 2, корп.6 стр 13 (м.Спортивная, Фрунзенская)",ФГАОУ ВО Первый МГМУ им.И. М. Сеченова Минздрава России (Сеченовский Университет),"т.:84994508889, 84954886538",пн-пт 08:00-20:00,Амбулаторно-поликлиническое обслуживание; Запись на приём по телефону клиники; Экстренная стационарная помощь,,4.3
"г Москва, ул Большая Пироговская, д. 2, корп.9 (м.Спортивная,Фрунзенская)",ФГАОУ ВО Первый МГМУ им.И. М. Сеченова Минздрава России (Сеченовский Университет),"т.:84994508889, 84954886538","пн-пт 08:30-20:00, сб 12:00-16:00",Амбулаторно-поликлиническое обслуживание; Запись на приём по телефону клиники; Экстренная стационарная помощь,,4.3
"г Москва, ул Большая Пироговская, д. 4, корп.1 (м.Спортивная,Фрунзенская)",ФГАОУ ВО Первый МГМУ им.И. М. Сеченова Минздрава России (Сеченовский Университет),"т.:84994508889, 84954886538","пн-пт 08:00-20:00, сб 09:00-14:00",Амбулаторно-поликлиническое обслуживание; Запись на приём по телефону клиники; Экстренная стационарная помощь,,4.3
"г Москва, ул Доватора, д.15, корп.1 (м.Лужники,Спортивная)",ФГАОУ ВО Первый МГМУ им.И. М. Сеченова Минздрава России (Сеченовский Университет),т.:499 4508889,пн-пт 08:30-16:00,Амбулаторно-поликлиническое обслуживание; Запись на приём по телефону клиники; Экстренная стационарная помощь,,4.3
"г Москва, ул Еланского, д.2, корп.1 (м. Киевская,Фрунзенская)",ФГАОУ ВО Первый МГМУ им.И. М. Сеченова Минздрава России (Сеченовский Университет),"т.:84994508889, 84954886538",пн-пт 08:30-20:00,Амбулаторно-поликлиническое обслуживание; Запись на приём по телефону клиники,,4.3
"г Москва, ул Малая Пироговская, д. 20, корп.1 (м.Спортивная, Фрунзенская)",ФГАОУ ВО Первый МГМУ им.И. М. Сеченова Минздрава России (Сеченовский Университет),"т.:84994508889, 84954886538",пн-пт 08:30-15:30,Амбулаторно-поликлиническое обслуживание; Запись на приём по телефону клиники,,4.3
"г Москва, ул Погодинская, д.1, корп.1 (м.Киевская,Фрунзенская)",ФГАОУ ВО Первый МГМУ им.И. М. Сеченова Минздрава России (Сеченовский Университет),"т.:84994508889, 84954886538","пн-пт 08:00-20:00, сб 10:00-15:00",Амбулаторно-поликлиническое обслуживание; Запись на приём по телефону клиники; Экстренная стационарная помощь,,4.3
"г Москва, ул Россолимо, д.11, корп.5 (м.Парк культуры,Фрунзенская)",ФГАОУ ВО Первый МГМУ им.И. М. Сеченова Минздрава России (Сеченовский Университет),т.:8 499 450 88 89,"пн-пт 08:00-20:00, сб 09:00-15:00",Амбулаторно-поликлиническое обслуживание; Запись на приём по телефону клиники; Экстренная стационарная помощь,,4.3
"г Москва, ул Россолимо, д.11, корп.9 (м.Парк культуры,Фрунзенская)",ФГАОУ ВО Первый МГМУ им.И. М. Сеченова Минздрава России (Сеченовский Университет),т.:8 499 450 88 89,пн-пт 09:00-15:00,Амбулаторно-поликлиническое обслуживание; Запись на приём по телефону клиники; Экстренная стационарная помощь,,4.3
"г Москва, ул Россолимо, д.11, корп.А (м.Парк культуры,Фрунзенская)",ФГАОУ ВО Первый МГМУ им.И. М. Сеченова Минздрава России (Сеченовский Университет),т.:8 499 450 88 89,"пн-пт 08:00-20:00, сб 09:00-15:00",Амбулаторно-поликлиническое обслуживание; Запись на приём по телефону клиники; Экстренная стационарная помощь,,4.3
"Московская обл, г Истра, г Истра",ФГАОУ ВО Первый МГМУ им.И. М. Сеченова Минздрава России (Сеченовский Университет),"т.:84994508889, 84954886538",,Амбулаторно-поликлиническое обслуживание; Запись на приём по телефону клиники,,4.3
"Московская обл, г Раменское, рп Быково, ул Опаринская, д.11",ФГАОУ ВО Первый МГМУ им.И. М. Сеченова Минздрава России (Сеченовский Университет),"т.:84994508889, 84954886538",,Амбулаторно-поликлиническое обслуживание; Запись на приём по телефону клиники; Экстренная стационарная помощь,,4.3
"г Москва, Иваньковское шоссе, д.3 (м. Стрешнево,Щукинская)",ФГАУ «НМИЦ ЛРЦ» Минздрава России,"т.:+7 499 1900885, +7 495 9424328",,Амбулаторно-поликлиническое обслуживание; Запись на приём по телефону клиники; Экстренная стационарная помощь,https://med-rf.ru/,4.8
"г Москва, ул Фотиевой, д.10 (м. Воробьёвы горы,Ленинский проспект)",ФГБНУ «Российский научный центр хирургии имени академика Б.В. Петровского,т.:84953560301,"пн-пт 08:00-20:00, сб 09:00-19:00",Амбулаторно-поликлиническое обслуживание; Запись на приём по телефону клиники,https://med.ru/,5.0
"Москва, Литовский б-р, д.1А (м. Тёплый Стан,Ясенево)",ФГБНУ «Российский научный центр хирургии имени академика Б.В. Петровского,т.:84994004733,"пн-пт 08:00-20:00, сб 09:00-19:00",Амбулаторно-поликлиническое обслуживание; Запись на приём по телефону клиники; Экстренная стационарная помощь,https://med.ru/,5.0
"г Москва, Китайгородский проезд, д.7 (м.Китай-город)","ФГБУ ""НМИЦ ТПМ"" Минздрава России",т.:7 495 2120713,,Амбулаторно-поликлиническое обслуживание; Запись на приём по телефону клиники,https://gnicpm.ru/,5.0
"г Москва, Петроверигский пер, д.10, корп.3 (м.Китай-город)","ФГБУ ""НМИЦ ТПМ"" Минздрава России",т.:8 4957907172,,Амбулаторно-поликлиническое обслуживание; Запись на приём по телефону клиники; Экстренная стационарная помощь,https://gnicpm.ru/,5.0
"г Москва, ул Академика Скрябина, д.3 (м.Выхино,Рязанский проспект)",ФГБУ «12 КДЦ» Минобороны России,"т.:84953718694 , 84953717897",пн-пт 08:00-20:00,Амбулаторно-поликлиническое обслуживание; Запись на приём по телефону клиники,https://12kdc.moscow/,4.7
"г Москва, 1-й Краснокурсантский проезд, д.1/5 (м.Площадь Ильича, Римская)",ФГБУ «12 КДЦ» Минобороны России,т.:84953623028,пн-пт 08:00-20:00,Амбулаторно-поликлиническое обслуживание; Запись на приём по телефону клиники,https://12kdc.moscow/,4.7
"г Москва, Комсомольский пр-кт, д. 13А (м.Парк культуры,Фрунзенская)",ФГБУ «9 ЛДЦ» Минобороны России,"т.:84956095420, 84956095421, 84956095422","пн-пт 08:00-20:00, сб 08:00-14:00",Амбулаторно-поликлиническое обслуживание; Запись на приём по телефону клиники,,5.0
"г Москва, Комсомольский пр-кт, д. 22/2 (м.Парк культуры,Фрунзенская)",ФГБУ «9 ЛДЦ» Минобороны России,"т.:84956095420, 84956095421, 84956095422",пн-пт 08:00-20:00,Амбулаторно-поликлиническое обслуживание; Запись на приём по телефону клиники,,5.0
"г Москва, ул Большая Пироговская, д. 15/18, корп.1 (м.Спортивная, Фрунзенская)",ФГБУ «9 ЛДЦ» Минобороны России,"т.:84956095420, 84997909094",пн-пт 08:00-20:00,Амбулаторно-поликлиническое обслуживание; Запись на приём по телефону клиники,,5.0
"г Москва, ул Маршала Тухачевского, д.56, корп.2",ФГБУ «9 ЛДЦ» Минобороны России,т.:84991443276,пн-пт 08:00-20:00,Амбулаторно-поликлиническое обслуживание; Запись на приём по телефону клиники,,5.0
"г Москва, ул Ильинка, д.9, корп.1 (м. Китай-город,Площадь Революции)",ФГБУ «Многофункциональный комплекс Минфина России»,"т.:495 9879105, 495 6235372, 495 9879737",пн-пт 08:00-20:00,Амбулаторно-поликлиническое обслуживание; Запись на приём по телефону клиники,,5.0
"г Москва, Гагаринский пер, д.37 (м. Смоленская)",ФГБУ «НМХЦ им. Н.И. Пирогова» Минздрава России,т.:8 499 4640303,,Амбулаторно-поликлиническое обслуживание; Запись на приём по телефону клиники,https://www.pirogov-center.ru/,5.0
"г Москва, ул Нижняя Первомайская, д.65 (м.Первомайская,Щёлковская)",ФГБУ «НМХЦ им. Н.И. Пирогова» Минздрава России,т.:8 499 4640303,,Амбулаторно-поликлиническое обслуживание; Запись на приём по телефону клиники,https://www.pirogov-center.ru/,5.0
"г Москва, ул Садовая-Спасская, д.11, корп.1 (м.Красные ворота,Чистые пруды)",ФГБУ «Управление служебными зданиями» при Министерстве сельского хозяйства Российской Федераци,т.:84956079905,"пн-пт 08:00-20:00, сб 09:00-14:00",Амбулаторно-поликлиническое обслуживание; Запись на приём по телефону клиники,https://www.fgbuusz.ru/,
"г Москва, Ореховый б-р, д.28 (м. Зябликово,Красногвардейская)",ФГБУ «Федеральный научно-клинический центр специализированных видов медицинской помощи и медицинских технологий ФМБА»,т.:7 499 7254440,"пн-пт 08:00-20:00, сб 08:00-20:00, вс 09:00-16:00",Амбулаторно-поликлиническое обслуживание; Запись на приём по телефону клиники; Экстренная стационарная помощь,https://www.fnkc-fmba.ru/,5.0
"г Москва, ул Маршала Тимошенко, д. 15 (м.Крылатское,Молодежная)",ФГБУ «Центральная клиническая больница с поликлиникой» УДП РФ,т.:8 495 5300111,,Амбулаторно-поликлиническое обслуживание; Запись на приём по телефону клиники,https://cchp.ru/,5.0
"г Москва, ул Ватутина, д.1 (м. Кунцевская,Славянский бульвар)","ФГБУЗ «72 Центральная поликлиника Министерства Российской Федерации по делам гражданской обороны, чрезвычайным ситуациям и ликвидации последствий стихийных бедствий»","т.:84959836605, 84991445906","пн-пт 08:00-20:00, сб 09:00-14:00",Амбулаторно-поликлиническое обслуживание; Запись на приём по телефону клиники; Экстренная стационарная помощь,,4.5
"Московская обл, г Серпухов, ул Весенняя, д.10",ФГБУЗ «Медико-санитарная часть № 164 Федерального медико-биологического агентства»,т.:84967128133,"пн-пт 08:00-18:00, сб 08:00-14:00",Амбулаторно-поликлиническое обслуживание; Запись на приём по телефону клиники,,4.3
"Московская обл, г Солнечногорск, деревня Голубое, ул Родниковая, д.6, корп.1",ФГБУЗ «Центральная клиническая больница восстановительного лечения Федерального медико-биологического агентства»,т.:84955360922,,Амбулаторно-поликлиническое обслуживание; Запись на приём по телефону клиники; Экстренная стационарная помощь,,4.7
"Московская обл, Электросталь, Комсомольская ул, д.3",ФГБУЗ «ЦЕНТРАЛЬНАЯ МЕДИКО-САНИТАРНАЯ ЧАСТЬ № 21» ФМБА РОССИИ,т.:84965779468,пн-пт 07:30-18:00,Амбулаторно-поликлиническое обслуживание; Запись на приём по телефону клиники,,4.3
"г Москва, ул Москворечье, д.16 (м. Кантемировская,Каширская)",ФГБУЗ КБ № 85 ФМБА России,"т.:8 499 3246525, 8 499 7828585","пн-пт 08:00-20:00, сб-вс 09:00-16:00",Амбулаторно-поликлиническое обслуживание; Запись на приём по телефону клиники; Экстренная стационарная помощь,https://www.kb85.ru/,4.7
"Московская обл, г Подольск, ул Орджоникидзе, д.21",ФГБУЗ КБ №85 ФМБА России (Поликлиника № 4),т.:84967540578,пн-пт 08:00-16:30,Амбулаторно-поликлиническое обслуживание; Запись на приём по телефону клиники,https://www.kb85.ru/,4.7
"г Москва, Каширское шоссе, д.13Г (м. Каширская)",ФГБУЗ КБ №85 ФМБА России (Поликлиника № 5),"т.:8 499 3246525, 8 499 6111197","пн-пт 08:00-20:00, сб 09:00-16:00",Амбулаторно-поликлиническое обслуживание; Запись на приём по телефону клиники,https://www.kb85.ru/,4.7
"г Москва, ул Москворечье, д.6 (м. Кантемировская,Каширская)",ФГБУЗ КБ №85 ФМБА России (Поликлиника №1),т.:84993247406,"пн-пт 08:00-20:00, сб 10:00-15:00, вс 10:00-13:00",Амбулаторно-поликлиническое обслуживание; Запись на приём по телефону клиники,https://www.kb85.ru/,4.7
"г Москва, ул Нижегородская, д.28 (м. Площадь Ильича,Римская)",Филиал ФБЛПУ «ЛРЦ «Подмосковье» ФНС России,т.:8495 6703504,пн-пт 08:00-20:00,Амбулаторно-поликлиническое обслуживание; Запись на приём по телефону клиники,https://policlfns.ru/,4.7
"г Москва, Анадырский проезд, д.10, корп.2 (м.Бабушкинская,Свиблово)",ЧУЗ «КБ «РЖД-Медицина» им. Н.А. Семашко»,т.:8985 8400394,"пн-пт 08:00-20:00, сб 09:00-14:00",Амбулаторно-поликлиническое обслуживание; Запись на приём по телефону клиники,https://rzd-medicine.ru/,4.9
"г Москва, рп Киевский, поселение Киевский, д.12А",ЧУЗ «КБ «РЖД-Медицина» им. Н.А. Семашко»,т.:84958463489,,Амбулаторно-поликлиническое обслуживание; Запись на приём по телефону клиники,https://rzd-medicine.ru/,4.9
"г Москва, ул 1-я Мытищинская, д.19А (м.Алексеевская,Рижская)",ЧУЗ «КБ «РЖД-Медицина» им. Н.А. Семашко»,т.:84996239051,,Амбулаторно-поликлиническое обслуживание; Запись на приём по телефону клиники,https://rzd-medicine.ru/,4.9
"г Москва, ул Люблинская, д.78, корп.2 (м.Братиславская,Марьино)",ЧУЗ «КБ «РЖД-Медицина» им. Н.А. Семашко»,т.:88007000701,,Амбулаторно-поликлиническое обслуживание; Запись на приём по телефону клиники,https://rzd-medicine.ru/,4.9
"г Москва, ул Плющева, д.15а, корп.2 (м.Андроновка,Перово)",ЧУЗ «КБ «РЖД-Медицина» им. Н.А. Семашко»,"т.:84996237192, 84996237206, 89166301393",,Амбулаторно-поликлиническое обслуживание; Запись на приём по телефону клиники,https://rzd-medicine.ru/,4.9
"г Москва, ул Ставропольская, д.23, корп.1 стр 1 (м.Волжская,Люблино)",ЧУЗ «КБ «РЖД-Медицина» им. Н.А. Семашко»,т.:84992669812,,Амбулаторно-поликлиническое обслуживание; Запись на приём по телефону клиники; Экстренная стационарная помощь,https://rzd-medicine.ru/,4.9
"Москва, Шоссейная ул, д.43 (м. Люблино,Печатники)",ЧУЗ «КБ «РЖД-Медицина» им. Н.А. Семашко»,т.:8495644 47 10,,Амбулаторно-поликлиническое обслуживание; Запись на приём по телефону клиники; Экстренная стационарная помощь,https://rzd-medicine.ru/,4.9
"г Москва, ул Новая Басманная, д.5 (м. Комсомольская,Красные ворота)",ЧУЗ «ЦКБ «РЖД-Медицина»,"т.:88002343434, 7499 2623599",,Амбулаторно-поликлиническое обслуживание; Запись на приём по телефону клиники,https://rzd-medicine.ru/,4.9
"г Москва, ул Часовая, д.20, корп.1 (м. Аэропорт,Сокол)",ЧУЗ «ЦКБ «РЖД-Медицина»,"т.:74959250218, 74955313041",,Амбулаторно-поликлиническое обслуживание; Запись на приём по телефону клиники,https://rzd-medicine.ru/,4.9
"Московская обл, г Истра, г Истра, ул Спортивная, д.3",ГБУЗ МО «Истринская клиническая больница»,т.:89916263438,пн-пт 08:30-18:00,Амбулаторно-поликлиническое обслуживание; Запись на приём по телефону клиники; Медицинская помощь на дому; Запись на приём по телефону клиники; Экстренная стационарная помощь,,4.7
"г Москва, 1-й Кожуховский проезд, д. 9 (м.Автозаводская)","ООО ""Медицинский центр ""Поликлиника.ру""",т.:84956498878,пн-вс 08:00-22:00,Амбулаторно-поликлиническое обслуживание; Запись на приём по телефону клиники; Медицинская помощь на дому; Запись на приём по телефону клиники,https://polyclinika.ru/,4.9
"г Москва, 1-й Смоленский пер, д.17, корп.3 (м.Смоленская)","ООО ""Медицинский центр ""Поликлиника.ру""",т.:84956498878,пн-вс 08:00-22:00,Амбулаторно-поликлиническое обслуживание; Запись на приём по телефону клиники; Медицинская помощь на дому; Запись на приём по телефону клиники,https://polyclinika.ru/,4.9
"г Москва, Большой Сухаревский пер, д.19, корп.2 (м.Сухаревская,Цветной бульвар)","ООО ""Медицинский центр ""Поликлиника.ру""",т.:84956498878,круглосуточно,Амбулаторно-поликлиническое обслуживание; Запись на приём по телефону клиники; Медицинская помощь на дому; Запись на приём по телефону клиники; Экстренная стационарная помощь,https://polyclinika.ru/,4.9
"г Москва, г Зеленоград, д.2027","ООО ""Медицинский центр ""Поликлиника.ру""",т.:84956498878,пн-вс 08:00-22:00,Амбулаторно-поликлиническое обслуживание; Запись на приём по телефону клиники; Медицинская помощь на дому; Запись на приём по телефону клиники,https://polyclinika.ru/,4.9
"г Москва, Комсомольский пр-кт, д.24, корп.2 (м.Спортивная,Фрунзенская)","ООО ""Медицинский центр ""Поликлиника.ру""",т.:84956498878,пн-вс 08:00-22:00,Амбулаторно-поликлиническое обслуживание; Запись на приём по телефону клиники; Медицинская помощь на дому; Запись на приём по телефону клиники,https://polyclinika.ru/,4.9
"г Москва, Столярный пер, д.7, корп.2 (м.Краснопресненская,Улица 1905 года)","ООО ""Медицинский центр ""Поликлиника.ру""",т.:84956498878,пн-вс 08:00-22:00,Амбулаторно-поликлиническое обслуживание; Запись на приём по телефону клиники; Медицинская помощь на дому; Запись на приём по телефону клиники,https://polyclinika.ru/,4.9
"г Москва, ул Большая Полянка, д.42, корп.4 (м.Полянка,Третьяковская)","ООО ""Медицинский центр ""Поликлиника.ру""",т.:84956498878,пн-вс 08:00-22:00,Амбулаторно-поликлиническое обслуживание; Запись на приём по телефону клиники; Медицинская помощь на дому; Запись на приём по телефону клиники,https://polyclinika.ru/,4.9
"г Москва, ул Дорожная, д.32, корп.1 (м.Аннино,Улица Академика Янгеля)","ООО ""Медицинский центр ""Поликлиника.ру""",т.:84956498878,пн-вс 08:00-22:00,Амбулаторно-поликлиническое обслуживание; Запись на приём по телефону клиники; Медицинская помощь на дому; Запись на приём по телефону клиники,https://polyclinika.ru/,4.9
"г Москва, ул Новая Басманная, д.10, корп.1 (м.Комсомольская,Красные ворота)","ООО ""Медицинский центр ""Поликлиника.ру""",т.:84956498878,пн-вс 09:00-21:00,Амбулаторно-поликлиническое обслуживание; Запись на приём по телефону клиники; Медицинская помощь на дому; Запись на приём по телефону клиники; Экстренная стационарная помощь,https://polyclinika.ru/,4.9
"г Москва, ул Таганская, д.32/1, корп. 17 (м.Марксистская,Таганская)","ООО ""Медицинский центр ""Поликлиника.ру""",т.:84956498878,пн-вс 08:00-22:00,Амбулаторно-поликлиническое обслуживание; Запись на приём по телефону клиники; Медицинская помощь на дому; Запись на приём по телефону клиники,https://polyclinika.ru/,4.9
"г Москва, ул Новокузнецкая, д.36/2, корп.1 (м.Павелецкая,Третьяковская)",ООО «Дальвен» (Стоматологическая клиника Генри Кларка),"т.:+7 495 9218382,+7 495 7219001, 8 800 3330324",,Амбулаторно-поликлиническое обслуживание; Запись на приём по телефону клиники; Медицинская помощь на дому; Запись на приём по телефону клиники,,4.7
"г Москва, пр-кт Защитников Москвы, д.15 (м.Жулебино,Лермонтовский проспект)",ООО «Доктор рядом»,т.:84952300309,"пн-пт 09:00-21:00, сб-вс 10:00-17:00",Амбулаторно-поликлиническое обслуживание; Запись на приём по телефону клиники; Медицинская помощь на дому; Запись на приём по телефону клиники,https://drryadom.com/en/,4.0
"г Москва, проезд Нагатинский 1-й, д. 11, корп.1 (м.Верхние Котлы, Нагатинская)",ООО «Доктор рядом»,т.:84952300309,"пн-пт 09:00-21:00, сб-вс 10:00-17:00",Амбулаторно-поликлиническое обслуживание; Запись на приём по телефону клиники; Медицинская помощь на дому; Запись на приём по телефону клиники,https://drryadom.com/en/,4.0
"г Москва, ул Кулакова, д.20, корп.1Л (м.Мякинино,Строгино)",ООО «Доктор рядом»,т.:84952300309,"пн-пт 09:00-21:00, сб-вс 10:00-17:00",Амбулаторно-поликлиническое обслуживание; Запись на приём по телефону клиники; Медицинская помощь на дому; Запись на приём по телефону клиники,https://drryadom.com/en/,4.0
"г Москва, ул Симоновский Вал, д.15, корп.2 (м.Дубровка,Пролетарская)",ООО «Доктор рядом»,т.:84952300309,"пн-пт 09:00-21:00, сб-вс 10:00-17:00",Амбулаторно-поликлиническое обслуживание; Запись на приём по телефону клиники; Медицинская помощь на дому; Запись на приём по телефону клиники,https://drryadom.com/en/,4.0
"Москва, Ангарская ул, д.45, корп.1 (м. Селигерская,Ховрино)",ООО «Доктор рядом»,т.:84952300309,"пн-пт 09:00-21:00, сб-вс 10:00-17:00",Амбулаторно-поликлиническое обслуживание; Запись на приём по телефону клиники; Медицинская помощь на дому; Запись на приём по телефону клиники,https://drryadom.com/en/,4.0
"Москва, Героев Панфиловцев ул, д. 18, корп.2 (м.Планерная,Сходненская)",ООО «Доктор рядом»,т.:84952300309,"пн-пт 09:00-21:00, сб-вс 10:00-17:00",Амбулаторно-поликлиническое обслуживание; Запись на приём по телефону клиники; Медицинская помощь на дому; Запись на приём по телефону клиники,https://drryadom.com/en/,4.0
"Москва, Лётчика Бабушкина ул, д.42 (м.Бабушкинская,Медведково)",ООО «Доктор рядом»,т.:84952300309,"пн-пт 09:00-21:00, сб-вс 10:00-17:00",Амбулаторно-поликлиническое обслуживание; Запись на приём по телефону клиники; Медицинская помощь на дому; Запись на приём по телефону клиники,https://drryadom.com/en/,4.0
"Москва, Молодцова ул, д.25, корп.2 (м.Бибирево,Отрадное)",ООО «Доктор рядом»,т.:84952300309,"пн-пт 09:00-21:00, сб-вс 10:00-17:00",Амбулаторно-поликлиническое обслуживание; Запись на приём по телефону клиники; Медицинская помощь на дому; Запись на приём по телефону клиники,https://drryadom.com/en/,4.0
"Москва, Озёрная ул, д.10 (м. Мичуринский проспект,Озёрная)",ООО «Доктор рядом»,т.:84952300309,"пн-пт 09:00-21:00, сб-вс 10:00-17:00",Амбулаторно-поликлиническое обслуживание; Запись на приём по телефону клиники; Медицинская помощь на дому; Запись на приём по телефону клиники,https://drryadom.com/en/,4.0
"Москва, Фестивальная ул, д.32, корп. 1 (м.Беломорская,Речной вокзал)",ООО «Доктор рядом»,т.:84952300309,"пн-пт 09:00-21:00, сб-вс 10:00-17:00",Амбулаторно-поликлиническое обслуживание; Запись на приём по телефону клиники; Медицинская помощь на дому; Запись на приём по телефону клиники,https://drryadom.com/en/,4.0
"Москва, Юных Ленинцев ул, д.59, корп.1 (м.Волжская,Кузьминки)",ООО «Доктор рядом»,т.:84952300309,"пн-пт 09:00-21:00, сб-вс 10:00-17:00",Амбулаторно-поликлиническое обслуживание; Запись на приём по телефону клиники; Медицинская помощь на дому; Запись на приём по телефону клиники,https://drryadom.com/en/,4.0
"Московская обл, г Подольск, Октябрьский пр-кт, д.9б",ООО «Жемчужина Подолья»,т.:84997058656,пн-вс 08:00-20:00,Амбулаторно-поликлиническое обслуживание; Запись на приём по телефону клиники; Медицинская помощь на дому; Запись на приём по телефону клиники,https://podolskclinic.ru/,4.9
"Московская обл, г Подольск, ул Беляевская, д.86б",ООО «Жемчужина Подолья»,"т.:84997058656, 84994003533",пн-вс 08:00-20:00,Амбулаторно-поликлиническое обслуживание; Запись на приём по телефону клиники; Медицинская помощь на дому; Запись на приём по телефону клиники,https://podolskclinic.ru/,4.9
"Московская обл, г Подольск, ул Быковская, д.10, оф.101",ООО «Жемчужина Подолья»,"т.:84997058656, 84994003533",пн-вс 08:00-20:00,Амбулаторно-поликлиническое обслуживание; Запись на приём по телефону клиники; Медицинская помощь на дому; Запись на приём по телефону клиники,https://podolskclinic.ru/,4.9
"Московская обл, г Подольск, ул Гайдара, д.12а",ООО «Жемчужина Подолья»,т.:84997058656,пн-вс 08:00-20:00,Амбулаторно-поликлиническое обслуживание; Запись на приём по телефону клиники; Медицинская помощь на дому; Запись на приём по телефону клиники,https://podolskclinic.ru/,4.9
"Московская обл, г Подольск, ул Кирова, д.11",ООО «Жемчужина Подолья»,т.:84997058656,пн-вс 08:00-20:00,Амбулаторно-поликлиническое обслуживание; Запись на приём по телефону клиники; Медицинская помощь на дому; Запись на приём по телефону клиники,https://podolskclinic.ru/,4.9
"г Москва, Комсомольский пр-кт, д.28 (м.Спортивная,Фрунзенская)",ООО «Клиника Будь Здоров»,"т.:+7 495 7828882 доб 30758, +7 499 2450152",пн-вс 08:00-21:00,Амбулаторно-поликлиническое обслуживание; Запись на приём по телефону клиники; Медицинская помощь на дому; Запись на приём по телефону клиники,https://klinikabudzdorov.ru/,5.0
"г Москва, Последний пер, д.28 (м. Сретенский бульвар,Сухаревская)",ООО «Клиника Будь Здоров»,"т.:+7 495 7828882 доб 34715, +7 499 6607787",пн-вс 08:00-21:00,Амбулаторно-поликлиническое обслуживание; Запись на приём по телефону клиники; Медицинская помощь на дому; Запись на приём по телефону клиники,https://klinikabudzdorov.ru/,5.0
"г Москва, ул Сущёвский Вал, д.12 (м. Савёловская)",ООО «Клиника Будь Здоров»,т.:8812 448 88 82,пн-вс 08:00-21:00,Амбулаторно-поликлиническое обслуживание; Запись на приём по телефону клиники; Медицинская помощь на дому; Запись на приём по телефону клиники,https://klinikabudzdorov.ru/,5.0
"Московская обл, г Серпухов, ул Октябрьская, д.17а",ООО «Мед Престиж»,"т.:7 4967 760111, 7 4967 761111, 8 800 2220831",пн-вс 08:30-20:00,Амбулаторно-поликлиническое обслуживание; Запись на приём по телефону клиники; Медицинская помощь на дому; Запись на приём по телефону клиники,https://medprestig-angarsk.ru/,4.9
"Московская обл, г Подольск, пр-кт Юных Ленинцев, д.70, корп.1",ООО «СОВРЕМЕННАЯ МЕДИЦИНА»,т.:84953746960,"пн-пт 08:00-21:00, сб-вс 09:00-20:00",Амбулаторно-поликлиническое обслуживание; Запись на приём по телефону клиники; Медицинская помощь на дому; Запись на приём по телефону клиники,https://vskmjournal.org/ru/,
"Московская обл, г Подольск, ул Свердлова, д.9А",ООО «СОВРЕМЕННАЯ МЕДИЦИНА»,т.:84953746960,"пн-пт 08:00-21:00, сб-вс 09:00-20:00",Амбулаторно-поликлиническое обслуживание; Запись на приём по телефону клиники; Медицинская помощь на дому; Запись на приём по телефону клиники,https://vskmjournal.org/ru/,
"г Москва, б-р Яна Райниса, д.4, корп.1 (м.Планерная,Сходненская)",ООО «СОН-МЕД»,т.:+7 495 7580000,"пн-пт 08:00-21:00, сб 08:00-21:00, вс 09:00-20:00",Амбулаторно-поликлиническое обслуживание; Запись на приём по телефону клиники; Медицинская помощь на дому; Запись на приём по телефону клиники,,4.5
"г Москва, Варшавское шоссе, д.158, корп.1 (м.Аннино,Лесопарковая)",ООО «СОН-МЕД»,т.:+7 495 7580000,"пн-пт 08:00-21:00, сб 08:00-21:00, вс 09:00-20:00",Амбулаторно-поликлиническое обслуживание; Запись на приём по телефону клиники; Медицинская помощь на дому; Запись на приём по телефону клиники,,4.5
"г Москва, Рублёвское шоссе, д.99, корп.1 (м.Кунцевская,Молодежная)",ООО «СОН-МЕД»,т.:+7 495 7580000,"пн-пт 08:00-21:00, сб 08:00-21:00, вс 09:00-20:00",Амбулаторно-поликлиническое обслуживание; Запись на приём по телефону клиники; Медицинская помощь на дому; Запись на приём по телефону клиники,,4.5
"г Москва, ул Берзарина, д.17, корп.2 (м.Зорге,Октябрьское поле)",ООО «СОН-МЕД»,т.:+7 495 7580000,"пн-пт 08:00-21:00, сб 08:00-21:00, вс 09:00-20:00",Амбулаторно-поликлиническое обслуживание; Запись на приём по телефону клиники; Медицинская помощь на дому; Запись на приём по телефону клиники,,4.5
"г Москва, ул Грайвороновская, д.6, корп.1 (м.Новохохловская, Текстильщики)",ООО «СОН-МЕД»,т.:+7 495 7580000,"пн-пт 08:00-21:00, сб 08:00-21:00, вс 09:00-20:00",Амбулаторно-поликлиническое обслуживание; Запись на приём по телефону клиники; Медицинская помощь на дому; Запись на приём по телефону клиники,,4.5
"г Москва, ул Митинская, д.57",ООО «СОН-МЕД»,т.:+7 495 7580000,"пн-пт 08:00-21:00, сб 08:00-21:00, вс 09:00-20:00",Амбулаторно-поликлиническое обслуживание; Запись на приём по телефону клиники; Медицинская помощь на дому; Запись на приём по телефону клиники,,4.5
"г Москва, ул Обручева, д.16, корп.1 (м.Беляево,Калужская)",ООО «СОН-МЕД»,т.:8 495 7580000,"пн-пт 08:00-21:00, сб 08:00-21:00, вс 09:00-20:00",Амбулаторно-поликлиническое обслуживание; Запись на приём по телефону клиники; Медицинская помощь на дому; Запись на приём по телефону клиники,,4.5
"г Москва, ул Фестивальная, д.47 (м. Беломорская,Речной вокзал)",ООО «СОН-МЕД»,т.:+7 495 7580000,"пн-пт 08:00-21:00, сб 08:00-21:00, вс 09:00-20:00",Амбулаторно-поликлиническое обслуживание; Запись на приём по телефону клиники; Медицинская помощь на дому; Запись на приём по телефону клиники,,4.5
"г Москва, Хорошёвское шоссе, д.62 (м.Полежаевская,Хорошёвская)",ООО «СОН-МЕД»,т.:+7 495 7580000,"пн-пт 08:00-21:00, сб 08:00-21:00, вс 09:00-20:00",Амбулаторно-поликлиническое обслуживание; Запись на приём по телефону клиники; Медицинская помощь на дому; Запись на приём по телефону клиники,,4.5
"г Москва, Ярославское шоссе, д.144 (м.Бабушкинская,Медведково)",ООО «СОН-МЕД»,т.:+7 495 7580000,"пн-пт 08:00-21:00, сб 08:00-21:00, вс 09:00-20:00",Амбулаторно-поликлиническое обслуживание; Запись на приём по телефону клиники; Медицинская помощь на дому; Запись на приём по телефону клиники,,4.5
"г Москва, Товарищеский пер, д.10, корп.2 (м.Марксистская,Таганская)",ООО Клиника «Креде Эксперто»,т.:+7 495 2324840,пн-вс 08:00-21:00,Амбулаторно-поликлиническое обслуживание; Запись на приём по телефону клиники; Медицинская помощь на дому; Запись на приём по телефону клиники,https://www.c-experto.ru/,4.6
"Московская обл, г Дубна, ул Ленинградская, д.9",ФБУЗ Медико-санитарная часть № 9 ФМБА России,т.:84962146530,пн-пт 08:00-17:00,Амбулаторно-поликлиническое обслуживание; Запись на приём по телефону клиники; Медицинская помощь на дому; Запись на приём по телефону клиники,https://msch9fmba.ru/,4.9
"г Москва, ул Кржижановского, д. 24/35, корп.6 (м.Академическая, Профсоюзная)",ФГБУ «52 КДЦ» Минобороны России,т.:8499 7230761,пн-пт 08:00-20:00,Амбулаторно-поликлиническое обслуживание; Запись на приём по телефону клиники; Медицинская помощь на дому; Запись на приём по телефону клиники,https://www.52kdc.ru/,4.9
"г Москва, ул Планетная, д.3, корп.3 (м.Динамо,Петровский парк)",ФГБУ «52 КДЦ» Минобороны России,"т.:84956399040, 84956128104","пн-пт 08:00-20:00, сб 08:00-14:00",Амбулаторно-поликлиническое обслуживание; Запись на приём по телефону клиники; Медицинская помощь на дому; Запись на приём по телефону клиники,https://www.52kdc.ru/,4.9
"г Москва, ул Брянская, д.3 (м. Киевская)",ООО «Сеть семейных медицинских центров»,т.:8 495 6625885,пн-вс 09:00-21:00,Амбулаторно-поликлиническое обслуживание; Запись на приём по телефону клиники; Стоматологическая помощь; Запись на приём по телефону клиники,https://semeynaya.ru/,4.7
"г Москва, ул Героев Панфиловцев, д.1 (м.Планерная,Сходненская)",ООО «Сеть семейных медицинских центров»,т.:8 495 6625885,пн-вс 09:00-21:00,Амбулаторно-поликлиническое обслуживание; Запись на приём по телефону клиники; Стоматологическая помощь; Запись на приём по телефону клиники,https://semeynaya.ru/,4.7
"г Москва, ул Первомайская, д.42 (м. Измайловская,Первомайская)",ООО «Сеть семейных медицинских центров»,т.:8 495 6625885,пн-вс 09:00-21:00,Амбулаторно-поликлиническое обслуживание; Запись на приём по телефону клиники; Стоматологическая помощь; Запись на приём по телефону клиники,https://semeynaya.ru/,4.7
"г Москва, ул Фестивальная, д.4 (м. Беломорская,Речной вокзал)",ООО «Сеть семейных медицинских центров»,т.:8 495 6625885,пн-вс 09:00-21:00,Амбулаторно-поликлиническое обслуживание; Запись на приём по телефону клиники; Стоматологическая помощь; Запись на приём по телефону клиники,https://semeynaya.ru/,4.7
"г Москва, Университетский пр-кт, д.4 (м.Воробьёвы горы,Университет)",ООО «Сеть семейных медицинских центров»,т.:8 495 6625885,пн-вс 09:00-21:00,Амбулаторно-поликлиническое обслуживание; Запись на приём по телефону клиники; Стоматологическая помощь; Запись на приём по телефону клиники,https://semeynaya.ru/,4.7
"Московская обл, г Подольск, ул Большая Серпуховская, д.51",ООО «Сеть семейных медицинских центров»,т.:8 495 6625885,пн-вс 09:00-21:00,Амбулаторно-поликлиническое обслуживание; Запись на приём по телефону клиники; Стоматологическая помощь; Запись на приём по телефону клиники,https://semeynaya.ru/,4.7
"Московская обл, г Королёв, ул Октябрьская, д.5","ГБУЗ МО ""Королёвская стоматологическая поликлиника""",т.:84994905555,"пн-пт 08:00-21:00, сб 08:00-21:00",Стоматологическая помощь,https://ksp.su/,4.8
"Московская обл, г Щёлково, ул Центральная, д.39/7","ГБУЗ МО ""Щёлковская стоматологическая поликлиника""",т.:84965668026,"пн-пт 08:00-20:00, сб 09:00-15:00",Стоматологическая помощь,http://shsp.ru/,4.6
"Московская обл, г Красногорск, Ильинское шоссе, д.4",ГБУЗ МО «Красногорская Стоматологическая поликлиника им. Л.Ф. Смуровой»,"т.:84955627231, 84955628983",,Стоматологическая помощь,,4.9
"Московская обл, г Лобня, ул Чкалова, д.6",ГБУЗ МО «Лобненская центральная городская больница»,т.:495 5771362,"пн-пт 08:00-20:00, сб 08:00-13:00",Стоматологическая помощь,,3.0
"Московская обл, г Ивантеевка, г Пушкино, ул Школьная, д.12",ГБУЗ МО «Московская областная больница им. проф. Розанова В. Н.»,т.:+7 496 5877061,"пн-пт 08:00-20:00, сб 08:00-14:00",Стоматологическая помощь,https://prbmo.ru/,4.3
"г Москва, ул Староволынская, д.12, корп.5 (м.Минская,Славянский бульвар)","ООО ""АйТи Дент""",т.:89661800800,"пн-пт 10:00-21:00, сб 10:00-21:00",Стоматологическая помощь,https://dent-it.ru/,4.9
"Московская обл, г Химки, Ленинский пр-кт, д.1, корп.3, оф.003","ООО ""Большая семья""",т.:495 9846684,пн-вс 10:00-21:00,Стоматологическая помощь,https://bigfamilygr.com/,
"г Москва, Мичуринский пр-кт, д.80 (м. Озёрная,Юго-Западная)","ООО ""Дентал-студио""",т.:89859223417,"пн-пт 09:00-20:00, сб 09:00-20:00",Стоматологическая помощь,https://www.dental-s.su/,5.0
"Московская обл, г Домодедово, мкр Центральный, ул Кирова, д.7, корп.1","ООО ""Мед-Дент""","т.:89160193822, 84967978306","пн-пт 09:00-20:00, сб-вс 09:00-19:00",Стоматологическая помощь,https://meddentdmd.ru/,5.0
"Московская обл, г Реутов, ул Калинина, д.26","ООО ""Реутовская стоматологическая клиника""",т.:84957753232,,Стоматологическая помощь,https://reutdent.ru/,5.0
"г Москва, кв-л 137а Самаркандский Бульвар, д.6, корп.2 (м.Выхино, Лермонтовский проспект)","ООО ""Феликс""","т.:84959792133, 89015192133",пн-вс 10:00-20:00,Стоматологическая помощь,https://www.felix.ru/,4.7
"Московская обл, г Химки, Юбилейный пр-кт, д.1, корп.3, оф.3","ООО ""Флагман-М""",т.:495 5101364,"пн-пт 10:00-20:00, сб-вс 10:00-19:00",Стоматологическая помощь,https://1flagman.com/,4.1
"Московская обл, г Химки, Молодежный проезд, д.6, оф.18","ООО ""Хай Стиль""",т.:498 7200033,"пн-пт 10:00-20:00, сб-вс 10:00-19:00",Стоматологическая помощь,https://www.thehistyle.com/,5.0
"Московская обл, г Химки, ул Строителей, д.7А, оф.2","ООО ""Хай Стиль""","т.:495 5800388, 985 0744963",пн-вс 10:00-20:00,Стоматологическая помощь,https://www.thehistyle.com/,5.0
"г Москва, ул Покровка, д.21-23/25, корп.3 (м.Курская,Чистые пруды)",ООО «АВАНГАРД»,"т.:74957784704, 74956250235","пн-пт 10:00-21:00, сб-вс 10:00-18:00",Стоматологическая помощь,https://www.avangard.ru/rus/,4.3
"Московская обл, г Дмитров, г Дмитров, ул Семенюка, д.1",ООО «Альфадент»,т.:84991100199,пн-вс 09:00-20:00,Стоматологическая помощь,https://alpha-dent.net/,4.9
"Московская обл, г Руза, рп Тучково, ул Партизан, д.15/2, оф.16",ООО «АРТИКО»,т.:84957832323,пн-вс 09:00-20:00,Стоматологическая помощь,https://artiko.team/company/,4.9
"г Москва, Рублёвское шоссе, д.101 (м. Крылатское,Молодежная)",ООО «Белая Радуга-1»,т.:+7 495 7035225,пн-вс 08:00-22:00,Стоматологическая помощь,https://belayaraduga.ru/,5.0
"г Москва, ул Нижняя Красносельская, д.35, корп.50 (м.Бауманская, Красносельская)",ООО «Белая Радуга-1»,т.:+7 495 7035225,пн-вс 08:00-22:00,Стоматологическая помощь,https://belayaraduga.ru/,5.0
"г Москва, Котельническая наб, д.25, корп.1, оф.1 (м.Таганская)",ООО «Белая Радуга»,т.:+7 495 7035225,пн-вс 08:00-22:00,Стоматологическая помощь,https://belayaraduga.ru/,5.0
"г Москва, Ленинградский пр-кт, д.36, корп.36 (м.Динамо,Петровский парк)",ООО «Белая Радуга»,т.:+7 495 7035225,пн-вс 08:00-22:00,Стоматологическая помощь,https://belayaraduga.ru/,5.0
"г Москва, ул Архитектора Щусева, д.2, корп.3, оф.2 (м.ЗИЛ,Тульская)",ООО «Белая Радуга»,т.:+7 495 7035225,пн-вс 08:00-22:00,Стоматологическая помощь,https://belayaraduga.ru/,5.0
"Московская обл, г Луховицы, ул Жуковского, д.38Б",ООО «Денталь К»,т.:7 929 642 05 88,,Стоматологическая помощь,https://dentalk.ru/,4.8
"Московская обл, г Луховицы, ул Мира, д.23Б",ООО «Денталь К»,т.:7 929 904 48 81,,Стоматологическая помощь,https://dentalk.ru/,4.8
"Московская обл, г Луховицы, ул Огородная, д.11б",ООО «Денталь К»,т.:7 916 921 44 18,,Стоматологическая помощь,https://dentalk.ru/,4.8
"г Москва, ул Гарибальди, д.15 (м. Новые Черёмушки,Профсоюзная)",ООО «Детская стоматология №2»,т.:8 495 1068181,пн-вс 08:00-22:00,Стоматологическая помощь,https://det-stom2.ru/,4.7
"г Москва, ул Молодогвардейская, д.2, корп.1 (м.Кунцевская)",ООО «Детский Госпиталь»,т.:8 495 1536876,пн-вс 08:00-22:00,Стоматологическая помощь,https://nczd.ru/,4.3
"Московская обл, г Дмитров, г Дмитров, ул Загорская, д.40",ООО «Доктор Т»,т.:89151500303,"пн-пт 09:00-19:00, сб-вс 09:00-15:00",Стоматологическая помощь,,3.4
"Московская обл, г Королёв, пр-кт Космонавтов, д.47/16",ООО «Женское Здоровье»,т.:8495 5653050,пн-вс 08:00-20:00,Стоматологическая помощь,https://wh-lady.ru/,5.0
"Московская обл, г Видное, рп Дрожжино, ул Южная, д.11, оф.1",ООО «Йес стоматология»,"т.:89260363657, 84989178178, 8 4989178177","пн-пт 09:00-21:00, сб 09:00-19:00, вс 09:00-16:00",Стоматологическая помощь,https://yes-dantist.ru/,5.0
"г Москва, ул Ефремова, д.10, корп.4/5 стр 1 (м.Спортивная,Фрунзенская)",ООО «Клиника Фэнтези»,т.:7 495 1068181,пн-вс 10:00-20:00,Стоматологическая помощь,https://fantasyclinic.ru/,5.0
"Московская обл, г Дубна, ул 9 Мая, д. 7в, корп.2",ООО «Меди Технолоджи»,т.:+7 496 2193030 +7 496 2194749 +7 925 0012339 +7 925 0012338,,Стоматологическая помощь,,4.7
"г Москва, 2-й Мосфильмовский пер, д.12 (м.Минская,Парк Победы)",ООО «МедСоюз»,"т.:88126550752, 88126550105, 84952550203",пн-вс 09:00-21:00,Стоматологическая помощь,https://medsouz.com/,4.5
"г Москва, Жулебинский б-р, д.18/8",ООО «МедСоюз»,т.:84953746003,пн-вс 10:00-22:00,Стоматологическая помощь,https://medsouz.com/,4.5
"г Москва, ул Островитянова, д.5, оф. 20 (м.Беляево,Тропарёво)",ООО «МедСоюз»,"т.:88126550752, 88126550105, 84997496695",круглосуточно,Стоматологическая помощь,https://medsouz.com/,4.5
"г Москва, ул Профсоюзная, д.113, корп.2 (м.Беляево,Коньково)",ООО «МедСоюз»,"т.:88126550752, 88126550105, 84954297909",круглосуточно,Стоматологическая помощь,https://medsouz.com/,4.5
"г Москва, ул Профсоюзная, д.20/9 (м. Академическая,Профсоюзная)",ООО «МедСоюз»,"т.:88126550752, 88126550105, 84991291984",пн-вс 09:00-21:00,Стоматологическая помощь,https://medsouz.com/,4.5
"Московская обл, г Подольск, ул Свердлова, д.29",ООО «Профессионал»,т.:89032300201,"пн-пт 09:00-21:00, сб-вс 10:00-18:00",Стоматологическая помощь,https://profdst.ru/,4.7
"г Москва, 2-й Мосфильмовский пер, д.12",ООО «Семейная стоматология»,"т.:88129198085, 89582953506","пн-пт 09:00-21:00, сб 09:00-21:00, вс 10:00-20:00",Стоматологическая помощь,https://www.sem-stom.ru/,5.0
"г Москва, ул Островитянова, д.5",ООО «Семейная стоматология»,"т.:88129198085, 89582953506",пн-вс 09:00-21:00,Стоматологическая помощь,https://www.sem-stom.ru/,5.0
"г Москва, ул Профсоюзная, д.113, корп.2",ООО «Семейная стоматология»,"т.:88129198085, 89582953506",пн-вс 09:00-21:00,Стоматологическая помощь,https://www.sem-stom.ru/,5.0
"г Москва, ул Профсоюзная, д.20/9",ООО «Семейная стоматология»,"т.:88129198085, 89582953506",пн-вс 09:00-21:00,Стоматологическая помощь,https://www.sem-stom.ru/,5.0
"г Москва, Ленинградское шоссе, д. 92А (м.Беломорская,Речной вокзал)",ООО «Стоматология для детей и взрослых»,т.:8 495 1068181,пн-вс 10:00-20:00,Стоматологическая помощь,https://www.stomatdet.ru/%D0%BE-%D0%BD%D0%B0%D1%81/,5.0
"г Москва, ул Никулинская, д.27, корп. 3 (м.Озёрная,Юго-Западная)",ООО «Центр профилактической стоматологии «Профидент»,т.:495 477 9708,,Стоматологическая помощь,https://profident-vip.ru/,5.0
"Москва, Стрельбищенский пер, д.29А (м.Беговая,Шелепиха)",ООО Стоматологическая клиника НАВА,т.:495 2562919,,Стоматологическая помощь,https://nava-mos.ru/,4.8
"Москва, Тишинская пл, д.8 (м. Белорусская)",ООО Стоматологическая клиника НАВА,т.:495 2562919,,Стоматологическая помощь,https://nava-mos.ru/,4.8
"г Москва, ул Долгоруковская, д.4",ФГБОУ ВО «Российский университет медицины» Минздрава России,т.:84957139090,,Стоматологическая помощь,https://www.rosunimed.ru/,4.2
"Москва, Расковой ул, д.16/18, корп. стр.1 (м.Савёловская)",АО «ДентаВита Центр»,т.:84952296787,"пн-пт 09:00-21:00, сб 09:00-20:00, вс 10:00-19:00",Стоматологическая помощь; Запись на приём по телефону клиники,https://www.dentavita.ru/,4.7
"г Москва, Гагаринский пер, д.5, корп.1 (м.Кропоткинская,Смоленская)",АО «Мед.Ком»,т.:8 495 2280464,,Стоматологическая помощь; Запись на приём по телефону клиники,https://medkomstom.ru/clinics,3.3
"г Москва, ул Авиаконструктора Миля, д.16 (м.Жулебино,Котельники)",АО «Мед.Ком»,т.:84952280464,,Стоматологическая помощь; Запись на приём по телефону клиники,https://medkomstom.ru/clinics,3.3
"г Москва, ул Каланчевская, д.17, корп. 1 (м.Комсомольская)",АО «Мед.Ком»,т.:8 495 2280464,,Стоматологическая помощь; Запись на приём по телефону клиники,https://medkomstom.ru/clinics,3.3
"г Москва, ул Лобачевского, д.118, корп.2 (м.Мичуринский проспект, Раменки)",АО «Мед.Ком»,т.:84952280464,,Стоматологическая помощь; Запись на приём по телефону клиники,https://medkomstom.ru/clinics,3.3
"г Москва, ул Октябрьская, д.1 (м. Достоевская,Менделеевская)",АО «Мед.Ком»,т.:8 495 2280464,,Стоматологическая помощь; Запись на приём по телефону клиники,https://medkomstom.ru/clinics,3.3
"г Москва, ул Рабочая, д.33, оф.1/1 (м. Площадь Ильича,Римская)",АО «Мед.Ком»,т.:8 495 2280464,,Стоматологическая помощь; Запись на приём по телефону клиники,https://medkomstom.ru/clinics,3.3
"Москва, Вернадского пр-кт, д.37, корп.1А (м.Проспект Вернадского, Раменки)",АО «Мед.Ком»,т.:8 495 2280464,,Стоматологическая помощь; Запись на приём по телефону клиники,https://medkomstom.ru/clinics,3.3
"Москва, Домодедовская ул, д.24, корп.3 (м.Домодедовская,Орехово)",АО «Мед.Ком»,т.:8 495 2280464,,Стоматологическая помощь; Запись на приём по телефону клиники,https://medkomstom.ru/clinics,3.3
"Москва, Кантемировская ул, д.45 (м. Кантемировская,Каширская)",АО «Мед.Ком»,т.:8 495 2280464,,Стоматологическая помощь; Запись на приём по телефону клиники,https://medkomstom.ru/clinics,3.3
"Москва, Кастанаевская ул, д.9, корп.1 (м.Багратионовская,Филёвский парк)",АО «Мед.Ком»,т.:8 495 2280464,,Стоматологическая помощь; Запись на приём по телефону клиники,https://medkomstom.ru/clinics,3.3
"Москва, Криворожская ул, д.29, корп. 2 (м.Нагорная,Нахимовский проспект)",АО «Мед.Ком»,т.:8 495 2280464,,Стоматологическая помощь; Запись на приём по телефону клиники,https://medkomstom.ru/clinics,3.3
"Москва, Крутицкий 4-й пер, д.14 (м. Крестьянская Застава,Пролетарская)",АО «Мед.Ком»,т.:8 495 2280464,,Стоматологическая помощь; Запись на приём по телефону клиники,https://medkomstom.ru/clinics,3.3
"Москва, Ломоносовский пр-кт, д.6 (м. Профсоюзная,Университет)",АО «Мед.Ком»,т.:8 495 2280464,,Стоматологическая помощь; Запись на приём по телефону клиники,https://medkomstom.ru/clinics,3.3
"Москва, Марьинский Парк ул, д.19, корп.2 (м.Братиславская,Люблино)",АО «Мед.Ком»,т.:8 495 2280464,,Стоматологическая помощь; Запись на приём по телефону клиники,https://medkomstom.ru/clinics,3.3
"Москва, Нахимовский пр-кт, д.33/2 (м.Новые Черёмушки,Профсоюзная)",АО «Мед.Ком»,т.:8 495 2280464,,Стоматологическая помощь; Запись на приём по телефону клиники,https://medkomstom.ru/clinics,3.3
"Москва, Осенняя ул, д.8, корп.2 (м. Крылатское,Молодежная)",АО «Мед.Ком»,т.:8 495 2280464,,Стоматологическая помощь; Запись на приём по телефону клиники,https://medkomstom.ru/clinics,3.3
"Москва, Осташковская ул, д.7, корп.1 (м.Бабушкинская,Медведково)",АО «Мед.Ком»,т.:8 495 2280464,,Стоматологическая помощь; Запись на приём по телефону клиники,https://medkomstom.ru/clinics,3.3
"Москва, Островитянова ул, д.9, корп.1 (м.Беляево,Тропарёво)",АО «Мед.Ком»,т.:8 495 2280464,,Стоматологическая помощь; Запись на приём по телефону клиники,https://medkomstom.ru/clinics,3.3
"Москва, Симферопольский б-р, д.19, корп.1 (м.Каховская,Севастопольская)",АО «Мед.Ком»,т.:8 495 2280464,,Стоматологическая помощь; Запись на приём по телефону клиники,https://medkomstom.ru/clinics,3.3
"Москва, Судостроительная ул, д.40 (м.Коломенская,Технопарк)",АО «Мед.Ком»,т.:8 495 2280464,,Стоматологическая помощь; Запись на приём по телефону клиники,https://medkomstom.ru/clinics,3.3
"Москва, Флотская ул, д.76 (м.Коптево, Селигерская)",АО «Мед.Ком»,т.:8 495 2280464,,Стоматологическая помощь; Запись на приём по телефону клиники,https://medkomstom.ru/clinics,3.3
"Московская обл, Балашиха г/Железнодорожный мкр, Автозаводская ул, д.3",АО «Мед.Ком»,т.:8 495 2280464,,Стоматологическая помощь; Запись на приём по телефону клиники,https://medkomstom.ru/clinics,3.3
"Московская обл, Балашиха г/Железнодорожный мкр, Колхозная ул, д.11",АО «Мед.Ком»,т.:8 495 2280464,,Стоматологическая помощь; Запись на приём по телефону клиники,https://medkomstom.ru/clinics,3.3
"Московская обл, Балашиха г/Железнодорожный мкр, Маяковского ул, д.22",АО «Мед.Ком»,т.:8 495 2280464,,Стоматологическая помощь; Запись на приём по телефону клиники,https://medkomstom.ru/clinics,3.3
"Московская обл, Красногорск, Красногорский р-н, Красногорский б-р, д.7 (м.Волоколамская,Мякинино)",АО «Мед.Ком»,т.:8 495 2280464,,Стоматологическая помощь; Запись на приём по телефону клиники,https://medkomstom.ru/clinics,3.3
"Московская обл, г Ступино, ул Андропова, д.60",ГАУЗ МО «Ступинская стоматологическая поликлиника»,т.:+7 49664 23522,"пн-пт 07:30-20:00, сб 08:00-14:00",Стоматологическая помощь; Запись на приём по телефону клиники,https://stupinoadm.ru/sotsialnaya-sfera/zdravookhranenie/gosudarstvennoe-zdravookhranenie-predstavleno/gauz-mo-stupinskaya-stomatologicheskaya-poliklinika/,4.3
"Московская обл, г Клин, г Клин, ул Гагарина, д.30",ГБУЗ МО «Клинская стоматологическая поликлиника»,т.:84962425834,пн-пт 08:00-16:00,Стоматологическая помощь; Запись на приём по телефону клиники,https://www.klin-dent.ru/,4.8
"Московская обл, г Серпухов, ул Комсомольская, д.4","ГБУЗ Московской области ""Серпуховская стоматологическая поликлиника""",т.:84967128303 доб 215,"пн-пт 08:00-20:00, сб 08:00-15:00",Стоматологическая помощь; Запись на приём по телефону клиники,https://mo-clinic.ru/serpuhov/stomatologicheskaya-poliklinika,5.0
"Московская обл, г Луховицы, ул Жуковского, д.28/2",ГБУЗ Московской области «Луховицкая больница»,т.:84966361815,"пн-пт 08:00-20:00, сб 08:00-20:00, вс 08:00-14:00",Стоматологическая помощь; Запись на приём по телефону клиники,,4.4
"г Москва, ул 8 Марта, д.6 (м.Динамо, Петровский парк)",ЗАО «Нормодент»,"т.:84956141325, 84956121165",пн-вс 08:00-20:00,Стоматологическая помощь; Запись на приём по телефону клиники,http://www.normodent.ru/,4.7
"г Москва, ул Усиевича, д.8, корп.1а (м. Аэропорт,Сокол)",АО Многопрофильная клиника «СОЮЗ»,т.:499 3721690,,Стоматологическая помощь; Запись на приём по телефону клиники,https://www.klinikasoyuz.ru/,4.9
"Московская обл, г Ступино, ул Горького, д.49","ООО ""Гелла""",т.:+79153286220,пн-пт 09:00-18:00,Стоматологическая помощь; Запись на приём по телефону клиники,http://gelaguralia.com/,4.2
"Московская обл, г Люберцы, пр-кт Победы, д.18, оф.008","ООО ""Альманах""",т.:89152423288,пн-вс 10:00-21:00,Стоматологическая помощь; Запись на приём по телефону клиники,https://www.almanah.su/,5.0
"г Москва, ул Смольная, д.24А (м. Беломорская,Речной вокзал)","ООО ""АмиРин""","т.:84959887644, 84951536369",пн-вс 09:00-21:00,Стоматологическая помощь; Запись на приём по телефону клиники,https://www.amarincorp.com/,5.0
"г Москва, пр-кт Мира, д.131 (м. Выставочный центр,Улица Сергея Эйзенштейна)","ООО ""Доктор Голливуд""","т.:8 495 987 37 36, 8 499 181 01 12",,Стоматологическая помощь; Запись на приём по телефону клиники,,4.6
"Московская обл, г Воскресенск, г Воскресенск, ул Новлянская, д.16а","ООО ""ЗУБР""","т.:84964415544, 89031911122",пн-вс 09:00-21:00,Стоматологическая помощь; Запись на приём по телефону клиники,https://zubr.ru/,5.0
"Московская обл, г Химки, ул Панфилова, д.19, корп.2","ООО ""Кантри Парк-Стоматология""","т.:4951204828, 495 7394828","пн-пт 10:00-19:00, сб 10:00-19:00",Стоматологическая помощь; Запись на приём по телефону клиники,https://dev.cpark.ru/infrastructure/tooth/,5.0
"г Москва, ул Петровка, д.23/10, корп.5 (м.Трубная,Чеховская)","ООО ""Коренной житель""",т.:8 495 1323660,"пн-пт 09:00-21:00, сб 09:00-21:00",Стоматологическая помощь; Запись на приём по телефону клиники,https://petrovka23.com/contact/,4.8
"Московская обл, г Мытищи, ул Юбилейная, д.40, корп.1","ООО ""Лекта""","т.:89672745960, 84955823733",пн-вс 09:00-21:00,Стоматологическая помощь; Запись на приём по телефону клиники,https://lecta.ru/,4.9
"г Москва, ул Николая Старостина, д.9 (м.Выхино,Новокосино)","ООО ""Лидер""",т.:84950011440,пн-вс 09:00-21:00,Стоматологическая помощь; Запись на приём по телефону клиники,https://lider21.com/,4.8
"г Москва, 2-й Верхний Михайловский проезд, д.9, корп.2 (м.Ленинский проспект,Площадь Гагарина)","ООО ""Медицинский центр ""Поликлиника.ру""",т.:84956498878,пн-вс 09:00-21:00,Стоматологическая помощь; Запись на приём по телефону клиники,https://polyclinika.ru/,4.9
"г Москва, Малый Каретный пер, д.14 (м.Трубная,Цветной бульвар)","ООО ""Медицинский центр ""Поликлиника.ру""",т.:84956498878,пн-вс 09:00-21:00,Стоматологическая помощь; Запись на приём по телефону клиники,https://polyclinika.ru/,4.9
"г Москва, ул Академика Бочвара, д.3, корп.3 (м.Стрешнево,Щукинская)","ООО ""Медицинский центр ""Поликлиника.ру""",т.:84956498878,пн-вс 08:00-20:00,Стоматологическая помощь; Запись на приём по телефону клиники,https://polyclinika.ru/,4.9
"г Москва, ул Профсоюзная, д.124 (м. Беляево,Коньково)","ООО ""Медицинский центр ""Поликлиника.ру""",т.:84956498878,пн-вс 08:00-22:00,Стоматологическая помощь; Запись на приём по телефону клиники,https://polyclinika.ru/,4.9
"г Москва, ул Садовая-Каретная, д. 20/6, корп.2 (м.Цветной бульвар, Чеховская)","ООО ""Медицинский центр ""Поликлиника.ру""",т.:84956498878,пн-вс 09:00-21:00,Стоматологическая помощь; Запись на приём по телефону клиники,https://polyclinika.ru/,4.9
"г Москва, Факультетский пер, д.4 (м. Войковская,Стрешнево)","ООО ""Медицинский центр ""Поликлиника.ру""",т.:84956498878,пн-вс 09:00-21:00,Стоматологическая помощь; Запись на приём по телефону клиники,https://polyclinika.ru/,4.9
"Московская обл, г Дубна, ул Вернова С.Н., д.1, оф.7","ООО ""СЕВЕРНАЯ КОРОНА""",т.:4962170700,,Стоматологическая помощь; Запись на приём по телефону клиники,https://nord-corona.ru/,4.6
"Московская обл, г Дубна, ул академика Б.М.Понтекорво, д.10, оф. 2","ООО ""СЕВЕРНАЯ КОРОНА"" 50.00221.01",т.:7926 0747707 7496 2193610,,Стоматологическая помощь; Запись на приём по телефону клиники,https://xras.ru/,1.0
"Московская обл, г Ногинск, г Ногинск, ул Белякова, д.2, корп.3","ООО ""Спектр-Дент""","т.:84965197351, 89055797748","пн-пт 09:00-20:00, сб 09:00-18:00, вс 09:00-19:00",Стоматологическая помощь; Запись на приём по телефону клиники,https://спектр-дентрф.рф/,4.7
"г Москва, пр-кт Вернадского, д.37, корп.1А (м.Мичуринский проспект, Проспект Вернадского)","ООО ""Стоматологический Центр Новых Технологий ""Новостом""",т.:84994445628,"пн-пт 09:00-21:00, сб 09:00-20:00",Стоматологическая помощь; Запись на приём по телефону клиники,https://www.novostom.ru/,4.9
"г Москва, ул Каланчевская, д.17, корп. 1 (м.Комсомольская)","ООО ""Стоматологический Центр Новых Технологий ""Новостом""",т.:84994445298,"пн-пт 09:00-21:00, сб-вс 09:00-20:00",Стоматологическая помощь; Запись на приём по телефону клиники,https://www.novostom.ru/,4.9
"Московская обл, г Балашиха, мкр Железнодорожный, ул Автозаводская, д.3","ООО ""Стоматологический Центр Новых Технологий ""Новостом""","т.:84955672268, 89153520409","пн-пт 09:00-21:00, сб-вс 09:00-20:00",Стоматологическая помощь; Запись на приём по телефону клиники,https://www.novostom.ru/,4.9
"Московская обл, г Балашиха, мкр Железнодорожный, ул Колхозная, д. 11","ООО ""Стоматологический Центр Новых Технологий ""Новостом""","т.:84955222666, 89257750175","пн-пт 09:00-21:00, сб-вс 09:00-20:00",Стоматологическая помощь; Запись на приём по телефону клиники,https://www.novostom.ru/,4.9
"Московская обл, г Балашиха, мкр Железнодорожный, ул Маяковского, д.22, оф.6","ООО ""Стоматологический Центр Новых Технологий ""Новостом""",т.:84986202040,"пн-пт 09:00-21:00, сб-вс 09:00-20:00",Стоматологическая помощь; Запись на приём по телефону клиники,https://www.novostom.ru/,4.9
"г Москва, Берсеневская наб, д.20/2 (м.Боровицкая,Кропоткинская)","ООО ""ФИЛСТОМ""","т.:8 495 953 1111, 8 495 953 5522","пн-пт 11:00-21:00, сб 10:00-19:00",Стоматологическая помощь; Запись на приём по телефону клиники,,5.0
"Московская обл, г Наро-Фоминск, г Наро-Фоминск, ул Ленина, д.23А","ООО ""Центр лазерной стоматологии и имплантологии Дантист""",т.:8 496 343 03 50,пн-вс 09:00-20:00,Стоматологическая помощь; Запись на приём по телефону клиники,,5.0
"г Москва, Дмитровское шоссе, д.71Б (м.Верхние Лихоборы,Лихоборы)","ООО ""ЭЙ-БИ-СИ""",т.:8 861 2018885,пн-вс 10:00-20:00,Стоматологическая помощь; Запись на приём по телефону клиники,,5.0
"Московская обл, г Серпухов, ул 1-я Московская, д.5/27",ООО «АВИЦЕННА»,"т.:4967 351552, 903 6198194, 903 2697667",пн-вс 09:00-19:00,Стоматологическая помощь; Запись на приём по телефону клиники,http://www.avicenna.ru/index.php_lang=ru.html,4.9
"Московская обл, г Серпухов, Московское шоссе, д.51",ООО «АВИЦЕННА»,"т.:4967764362, 9031133478",пн-вс 09:00-20:00,Стоматологическая помощь; Запись на приём по телефону клиники,http://www.avicenna.ru/index.php_lang=ru.html,4.9
"Московская обл, г Серпухов, ул 1-я Московская, д.5/27",ООО «АВИЦЕННА» 50.00222.01,"т.:4967 355840, 9057841389, 9032697681",пн-вс 09:00-19:00,Стоматологическая помощь; Запись на приём по телефону клиники,,2.0
"г Москва, поселение Сосенское, Скандинавский б-р, д.1, корп.2 (м. Бунинская аллея,Улица Горчакова)",ООО «АВСМЕДИЦИНА»,т.:84952233883,"пн-пт 08:00-22:00, сб-вс 08:00-21:00",Стоматологическая помощь; Запись на приём по телефону клиники,https://abc-medicina.com/,4.8
"г Москва, поселок Коммунарка, поселение Сосенское, ул Александры Монаховой, д.90, корп.4 (м.Бунинская аллея,Улица Горчакова)",ООО «Аликсма Премиум»,"т.:+74954894955, +79295559111",пн-вс 10:00-20:00,Стоматологическая помощь; Запись на приём по телефону клиники,https://aliksma.ru/kontakty,4.9
"Московская обл, г Клин, г Клин, Тверской проезд, д.10А",ООО «Анис-Стоматология»,"т.:+7 496 2423795, +7 965 1730000","пн-пт 09:00-18:00, сб-вс 09:00-17:00",Стоматологическая помощь; Запись на приём по телефону клиники,https://anisstom.ru/,5.0
"г Москва, ул Валовая, д.8, корп.1 (м. Павелецкая)",ООО «Дальвен« Стоматологическая клиника Генри Кларка»,"т.:495 9607550, 9691550",пн-вс 08:00-20:00,Стоматологическая помощь; Запись на приём по телефону клиники,https://www.hcdc.ru/,4.8
"г Москва, 1-й Колобовский пер, д.14 (м.Трубная,Цветной бульвар)",ООО «Дальвен» Стоматологическая клиника Генри Кларка,"т.:495 9607550, 9691550",пн-вс 08:00-20:00,Стоматологическая помощь; Запись на приём по телефону клиники,https://www.hcdc.ru/,4.8
"г Москва, ул Вавилова, д.2/1 (м. Ленинский проспект,Площадь Гагарина)",ООО «ДЕГУДЕНТАЛ»,т.:79014995173,,Стоматологическая помощь; Запись на приём по телефону клиники,,
"г Москва, Большой Козловский пер, д. 7 (м.Красные ворота,Чистые пруды)",ООО «Дента Вита Престиж»,т.:8 495 2296720,,Стоматологическая помощь; Запись на приём по телефону клиники,https://www.dentavita.ru/about/address/gazetnyj,5.0
"г Москва, Хлебный пер, д.2/3, корп.1 (м.Арбатская)",ООО «Дента Вита Престиж»,т.:8 495 7349959,,Стоматологическая помощь; Запись на приём по телефону клиники,https://www.dentavita.ru/about/address/gazetnyj,5.0
"Москва, Земляной Вал пл, д.64, корп. стр.2 (м.Курская)",ООО «ДентаВита Лидер»,т.:84957204828,"пн-пт 09:00-21:00, сб 09:00-20:00, вс 10:00-19:00",Стоматологическая помощь; Запись на приём по телефону клиники,https://www.dentavita.ru/,4.6
"г Москва, Страстной б-р, д.11, корп.2 (м.Пушкинская,Чеховская)",ООО «Дентавита Профи»,т.:84959257747,"пн-пт 09:00-21:00, сб 09:00-20:00, вс 10:00-19:00",Стоматологическая помощь; Запись на приём по телефону клиники,https://www.dentavita.ru/,4.7
"г Москва, пер Козихинский Б., д.19/6, оф.1 (м.Пушкинская,Тверская)",ООО «ДентаВита Сеть»,"т.:84957789827, 84956994065","пн-пт 09:00-21:00, сб 09:00-20:00, вс 10:00-19:00",Стоматологическая помощь; Запись на приём по телефону клиники,https://www.dentavita.ru/,4.9
"г Москва, ул Новокузнецкая, д.30, корп.1, Москва, Новокузнецкая ул, д. 3с1 (м.Новокузнецкая,Третьяковская)",ООО «ДентаВита Сеть»,т.:84957789817,"пн-пт 09:00-21:00, сб 09:00-20:00, вс 10:00-19:00",Стоматологическая помощь; Запись на приём по телефону клиники,https://www.dentavita.ru/,4.9
"Московская обл, г Ступино, ул Горького, д.23А",ООО «Денталь»,т.:79175169806,"пн-пт 09:00-21:00, сб-вс 09:00-15:00",Стоматологическая помощь; Запись на приём по телефону клиники,https://dentol.ru/,4.8
"г Москва, Пресненская наб, д.12 (м. Деловой центр,Международная)",ООО «ДИ ЭЙЧ ЦЕНТР»,т.:84993220110,"пн-пт 10:00-21:00, сб 10:00-21:00",Стоматологическая помощь; Запись на приём по телефону клиники,https://dhcentre.ru/rekvizity/,4.0
"Московская обл, г Коломна, г Коломна, пр-кт Кирова, д.15, оф.4",ООО «Диалог»,т.:84951043445,,Стоматологическая помощь; Запись на приём по телефону клиники,https://dialog.info/,4.5
"Московская обл, г Коломна, г Коломна, ул Гагарина, д.32, оф.14",ООО «Диалог»,т.:84951043445,,Стоматологическая помощь; Запись на приём по телефону клиники,https://dialog.info/,4.5
"Московская обл, г Коломна, г Коломна, ул Яна Грунта, д.34",ООО «Диалог»,т.:7 496 6160606,пн-вс 09:00-21:00,Стоматологическая помощь; Запись на приём по телефону клиники,https://dialog.info/,4.5
"Московская обл, г Ступино, Приокский пер, д.9",ООО «Диалог»,т.:84951066776,,Стоматологическая помощь; Запись на приём по телефону клиники,https://dialog.info/,4.5
"Московская обл, г Ступино, ул Гоголя, д.15",ООО «Доктор Дент»,т.:7 496 6472646,"пн-пт 09:00-22:00, сб 09:00-21:00, вс 09:00-14:00",Стоматологическая помощь; Запись на приём по телефону клиники,https://clinicadoctordent.ru/,5.0
"г Москва, Солянский тупик, д.1/4, корп.3 (м.Китай-город)",ООО «Др. Мартин и Ко»,т.:8 800 2223014,,Стоматологическая помощь; Запись на приём по телефону клиники,https://dr-martin.ru/,5.0
"г Москва, Товарищеский пер, д.12/6 (м.Марксистская,Таганская)",ООО «Др. Мартин и Ко»,т.:8 800 2223014,пн-вс 09:00-21:00,Стоматологическая помощь; Запись на приём по телефону клиники,https://dr-martin.ru/,5.0
"г Москва, ул Архитектора Власова, д. 22 (м.Калужская,Новые Черёмушки)",ООО «Др. Мартин и Ко»,т.:8 800 2223014,,Стоматологическая помощь; Запись на приём по телефону клиники,https://dr-martin.ru/,5.0
"г Москва, ул Новочерёмушкинская, д. 50 (м.Новые Черёмушки, Профсоюзная)",ООО «Др. Мартин и Ко»,т.:8 800 2223014,круглосуточно,Стоматологическая помощь; Запись на приём по телефону клиники,https://dr-martin.ru/,5.0
"г Москва, ул Профсоюзная, д.58, корп. 4 (м.Новые Черёмушки,Профсоюзная)",ООО «Др. Мартин и Ко»,т.:8 800 2223014,,Стоматологическая помощь; Запись на приём по телефону клиники,https://dr-martin.ru/,5.0
"г Москва, ул Долгоруковская, д.40 (м. Менделеевская,Новослободская)",ООО «Европейская Стоматологическая Клиника»,т.:74951752515,,Стоматологическая помощь; Запись на приём по телефону клиники,,
"Московская обл, г Егорьевск, Соборная пл, д.185",ООО «Зубр»,т.:84964046868,"пн-пт 09:00-21:00, сб-вс 09:00-21:00",Стоматологическая помощь; Запись на приём по телефону клиники,https://zubr.ru/,5.0
"Московская обл, г Бронницы, Комсомольский пер, д.53",ООО «Ирридент»,"т.:496 4668583, 89252358471","пн-пт 09:00-21:00, сб-вс 09:00-19:00",Стоматологическая помощь; Запись на приём по телефону клиники,,4.1
"Московская обл, г Раменское, ул Михалевича, д.131",ООО «Ирридент»,"т.:496 4634686, 89299558584","пн-пт 09:00-21:00, сб 09:00-20:00, вс 09:00-16:00",Стоматологическая помощь; Запись на приём по телефону клиники,,4.1
"г Москва, ул Лобачевского, д.92, корп. 4 (м.Мичуринский проспект,Проспект Вернадского)",ООО «КайзерДент»,т.:74954778448,пн-пт 09:30-20:00,Стоматологическая помощь; Запись на приём по телефону клиники,https://kaiserdent.ru/,5.0
"Московская обл, Мытищи, Семашко ул, д.10, корп.1",ООО «Квинта»,т.:8 498 6100307 8 926 8086963,пн-вс 08:30-20:30,Стоматологическая помощь; Запись на приём по телефону клиники,https://www.quinta.ru/,4.6
"г Москва, 2-й Мосфильмовский пер, д.12 (м.Минская,Парк Победы)",ООО «Клиника семейной стоматологии»,"т.:84953746003, 84952550203","пн-пт 09:00-21:00, сб 09:00-21:00, вс 10:00-20:00",Стоматологическая помощь; Запись на приём по телефону клиники,https://brainmark.ru/,5.0
"г Москва, Варшавское шоссе, д.16, корп.1 (м.Верхние Котлы,Крымская)",ООО «Клиника семейной стоматологии»,т.:89853182379,пн-вс 10:00-20:00,Стоматологическая помощь; Запись на приём по телефону клиники,https://brainmark.ru/,5.0
"г Москва, Кулаков пер, д.17, корп.1 (м.Алексеевская,Рижская)",ООО «Клиника семейной стоматологии»,"т.:84953746003, 89855503856, 84957301185","пн-пт 10:00-20:00, сб 10:00-20:00",Стоматологическая помощь; Запись на приём по телефону клиники,https://brainmark.ru/,5.0
"г Москва, Мичуринский пр-кт, д.27, корп.1 (м.Мичуринский проспект, Раменки)",ООО «Клиника семейной стоматологии»,"т.:84953746003, 84951340555",пн-вс 09:00-21:00,Стоматологическая помощь; Запись на приём по телефону клиники,https://brainmark.ru/,5.0
"г Москва, Мичуринский пр-кт, д.9, корп.4 (м.Ломоносовский проспект, Раменки)",ООО «Клиника семейной стоматологии»,т.:89773742476,"пн-пт 10:00-21:00, сб 10:00-21:00, вс 10:00-18:00",Стоматологическая помощь; Запись на приём по телефону клиники,https://brainmark.ru/,5.0
"г Москва, пр-кт Вернадского, д.39, оф. 537 (м.Мичуринский проспект, Проспект Вернадского)",ООО «Клиника семейной стоматологии»,"т.:84953746003, 84951501139",пн-вс 09:00-21:00,Стоматологическая помощь; Запись на приём по телефону клиники,https://brainmark.ru/,5.0
"г Москва, Симферопольский б-р, д.19, корп.1",ООО «Клиника семейной стоматологии»,т.:84953746003,пн-вс 09:00-21:00,Стоматологическая помощь; Запись на приём по телефону клиники,https://brainmark.ru/,5.0
"г Москва, ул Братиславская, д.10 (м. Братиславская,Марьино)",ООО «Клиника семейной стоматологии»,"т.:84953746003, 84953477111","пн-пт 01:10-20:00, сб 10:00-18:00",Стоматологическая помощь; Запись на приём по телефону клиники,https://brainmark.ru/,5.0
"г Москва, ул Вавилова, д.15",ООО «Клиника семейной стоматологии»,т.:84953746003,пн-вс 09:00-21:00,Стоматологическая помощь; Запись на приём по телефону клиники,https://brainmark.ru/,5.0
"г Москва, ул Верхняя Красносельская, д.20, корп.1 (м.Комсомольская, Красносельская)",ООО «Клиника семейной стоматологии»,т.:89153649067,пн-вс 09:00-21:00,Стоматологическая помощь; Запись на приём по телефону клиники,https://brainmark.ru/,5.0
"г Москва, ул Горчакова, д.1, корп.1 (м. Бульвар адмирала Ушакова,Улица Горчакова)",ООО «Клиника семейной стоматологии»,"т.:84953746003, 84957152981","пн-пт 10:00-20:00, сб 10:00-20:00",Стоматологическая помощь; Запись на приём по телефону клиники,https://brainmark.ru/,5.0
"г Москва, ул Жуковского, д.4, корп.1",ООО «Клиника семейной стоматологии»,т.:84953746003,"пн-пт 10:00-21:00, сб 10:00-21:00",Стоматологическая помощь; Запись на приём по телефону клиники,https://brainmark.ru/,5.0
"г Москва, ул Кадырова, д.4, корп.1 (м. Бунинская аллея,Улица Горчакова)",ООО «Клиника семейной стоматологии»,"т.:84953746003, 84950030707","пн-пт 08:00-21:00, сб 08:00-21:00, вс 08:00-20:00",Стоматологическая помощь; Запись на приём по телефону клиники,https://brainmark.ru/,5.0
"г Москва, ул Климашкина, д.22",ООО «Клиника семейной стоматологии»,т.:84953746003,"пн-пт 09:00-21:00, сб 10:00-18:00",Стоматологическая помощь; Запись на приём по телефону клиники,https://brainmark.ru/,5.0
"г Москва, ул Мантулинская, д.9, корп. 1 стр 8н/2",ООО «Клиника семейной стоматологии»,т.:84953746003,пн-вс 09:00-21:30,Стоматологическая помощь; Запись на приём по телефону клиники,https://brainmark.ru/,5.0
"г Москва, ул Новокосинская, д.12, корп.2",ООО «Клиника семейной стоматологии»,т.:84953746003,пн-вс 09:00-21:00,Стоматологическая помощь; Запись на приём по телефону клиники,https://brainmark.ru/,5.0
"г Москва, ул Новорязанская, д.38, корп.3",ООО «Клиника семейной стоматологии»,"т.:84953746003, 84953201003, 49160321663",пн-вс 09:00-21:00,Стоматологическая помощь; Запись на приём по телефону клиники,https://brainmark.ru/,5.0
"г Москва, ул Новочерёмушкинская, д. 9 (м.Академическая,Крымская)",ООО «Клиника семейной стоматологии»,т.:89264140001,"пн-пт 09:00-21:00, сб 09:00-21:00, вс 10:00-20:00",Стоматологическая помощь; Запись на приём по телефону клиники,https://brainmark.ru/,5.0
"г Москва, ул Октябрьская, д.1",ООО «Клиника семейной стоматологии»,т.:84953746003,пн-вс 09:00-21:00,Стоматологическая помощь; Запись на приём по телефону клиники,https://brainmark.ru/,5.0
"г Москва, ул Островитянова, д.5 (м. Беляево,Тропарёво)",ООО «Клиника семейной стоматологии»,"т.:84953746003, 89257777777",пн-вс 09:00-21:00,Стоматологическая помощь; Запись на приём по телефону клиники,https://brainmark.ru/,5.0
"г Москва, ул Перовская, д.39, корп.2 (м.Новогиреево,Перово)",ООО «Клиника семейной стоматологии»,"т.:84953746003, 89265724888","пн-пт 09:00-21:00, сб 09:00-21:00, вс 10:00-20:00",Стоматологическая помощь; Запись на приём по телефону клиники,https://brainmark.ru/,5.0
"г Москва, ул Покровская, д.17, корп.2",ООО «Клиника семейной стоматологии»,"т.:84953746003, 89160102255",пн-вс 09:00-21:00,Стоматологическая помощь; Запись на приём по телефону клиники,https://brainmark.ru/,5.0
"г Москва, ул Профсоюзная, д.113, корп.2 (м.Беляево,Коньково)",ООО «Клиника семейной стоматологии»,"т.:84953746003, 84954297909",круглосуточно,Стоматологическая помощь; Запись на приём по телефону клиники,https://brainmark.ru/,5.0
"г Москва, ул Профсоюзная, д.20/9 (м. Академическая,Профсоюзная)",ООО «Клиника семейной стоматологии»,"т.:84953746003, 84994606743",пн-вс 09:00-21:00,Стоматологическая помощь; Запись на приём по телефону клиники,https://brainmark.ru/,5.0
"г Москва, ул Рогожский Вал, д.4 (м. Площадь Ильича,Римская)",ООО «Клиника семейной стоматологии»,т.:84957005050,"пн-пт 09:00-21:00, сб-вс 10:00-20:00",Стоматологическая помощь; Запись на приём по телефону клиники,https://brainmark.ru/,5.0
"г Москва, ул Свободы, д.42 (м.Речной вокзал,Сходненская)",ООО «Клиника семейной стоматологии»,т.:84994976905,"пн-пт 09:00-21:00, сб 09:00-21:00",Стоматологическая помощь; Запись на приём по телефону клиники,https://brainmark.ru/,5.0
"г Москва, ул Судостроительная, д. 20/2, корп.2",ООО «Клиника семейной стоматологии»,"т.:84953746003, 84996176277","пн-пт 09:00-20:00, сб 09:00-20:00",Стоматологическая помощь; Запись на приём по телефону клиники,https://brainmark.ru/,5.0
"г Москва, ул Черняховского, д.19",ООО «Клиника семейной стоматологии»,т.:84953746003,пн-вс 09:00-21:00,Стоматологическая помощь; Запись на приём по телефону клиники,https://brainmark.ru/,5.0
"г Москва, шоссе Энтузиастов, д.11А, корп.2 (м.Авиамоторная,Андроновка)",ООО «Клиника семейной стоматологии»,т.:84952561207,пн-вс 09:00-20:00,Стоматологическая помощь; Запись на приём по телефону клиники,https://brainmark.ru/,5.0
"г Москва, ул Малая Ордынка, д.3",ООО «Клиника семейной стоматологии»,т.:89160008553,"пн-пт 10:00-21:00, сб 10:00-21:00",Стоматологическая помощь; Запись на приём по телефону клиники,https://brainmark.ru/,5.0
"г Москва, ул 1-я Брестская, д.17, корп. 3 (м.Белорусская,Маяковская)",ООО «КМ-МЕД центр»,"т.:495 6264757, 6264765, 495 251465",,Стоматологическая помощь; Запись на приём по телефону клиники,https://kmmedcenter.com/,5.0
"г Москва, ул Автозаводская, д.21А (м. Автозаводская,ЗИЛ)",ООО «ЛАК-ДЕНТ»,"т.:84956273520, 89255176541",пн-пт 10:00-20:00,Стоматологическая помощь; Запись на приём по телефону клиники,https://ladent.ru/,5.0
"г Москва, Коровинское шоссе, д.13, корп.2 (м.Верхние Лихоборы, Селигерская)",ООО «Латум клиника-2»,т.:8 495 1501778,"пн-пт 08:00-20:30, сб-вс 09:00-19:00",Стоматологическая помощь; Запись на приём по телефону клиники,https://latumclinic.ru/,5.0
"г Москва, пер Лесной 2-й, д.10 (м. Белорусская,Менделеевская)",ООО «ЛИДЕР-Дент»,т.:+7 495 6092989,"пн-пт 09:00-21:00, сб 09:00-21:00",Стоматологическая помощь; Запись на приём по телефону клиники,https://www.lider-dent.com/services/,4.9
"г Москва, 3-й Монетчиковский пер, д. 10/1 (м.Добрынинская,Павелецкая)",ООО «Лидер»,т.:7 495 9592880,,Стоматологическая помощь; Запись на приём по телефону клиники,https://lider21.com/,4.8
"г Москва, Лялин пер, д.5, корп.3 (м. Курская)",ООО «Лидер»,т.:8 495 7407618 8495 7655715,,Стоматологическая помощь; Запись на приём по телефону клиники,https://lider21.com/,4.8
"г Москва, ул Днепропетровская, д.1 (м.Пражская,Южная)",ООО «Лидер»,т.:7 495 3152436,,Стоматологическая помощь; Запись на приём по телефону клиники,https://lider21.com/,4.8
"Москва, Новый Арбат ул, д.23 (м. Смоленская)",ООО «Лик-Лидер»,"т.:84956050099, 84956058999, 84956053210",пн-вс 09:00-21:00,Стоматологическая помощь; Запись на приём по телефону клиники,https://likdent.ru/,4.6
"Москва, Рождественский б-р, д.17 (м. Сретенский бульвар,Трубная)",ООО «Лик-центр»,"т.:84956280070, 84956212002, 84956281026",пн-вс 09:00-21:00,Стоматологическая помощь; Запись на приём по телефону клиники,https://new.licexpert.ru/,4.5
"г Москва, Старопименовский пер, д.8 (м.Маяковская,Пушкинская)",ООО «Лик»,"т.:84956990300, 84956993003, 84956945102",пн-вс 09:00-21:00,Стоматологическая помощь; Запись на приём по телефону клиники,https://new.licexpert.ru/,4.4
"Московская обл, Электросталь, Мира ул, д.32",ООО «Мегадент»,т.:84965739050,пн-вс 09:00-20:00,Стоматологическая помощь; Запись на приём по телефону клиники,https://megadent.one/uslugi/,4.9
"Московская обл, г Химки, мкр Левобережный, ул Совхозная, д.2",ООО «Медицинский центр «Гиппократ»,т.:+74996001400,"пн-пт 08:00-21:00, сб-вс 09:00-21:00",Стоматологическая помощь; Запись на приём по телефону клиники,https://gippokrates-34.ru/,4.9
"Московская обл, г Химки, ул 9 Мая, д. 8А, оф.001",ООО «Медицинский центр «Гиппократ»,т.:+74996001400,пн-вс 09:00-21:00,Стоматологическая помощь; Запись на приём по телефону клиники,https://gippokrates-34.ru/,4.9
"Москва, Гагаринский пер, д.23, корп.1 (м.Кропоткинская,Смоленская)",ООО «Медицинский центр «Евромедика»,т.:495 6375848,,Стоматологическая помощь; Запись на приём по телефону клиники,,5.0
"Московская обл, г Щёлково, ул Советская, д.60пом, корп.271, оф.283","ООО «Медицинский центр Интердентос""",т.:84955004949,пн-вс 08:00-21:00,Стоматологическая помощь; Запись на приём по телефону клиники,https://interdentos.ru/,5.0
"Московская обл, Балашиха, Ленина пр-кт, д.21",ООО «Медицинский центр Интердентос»,т.:84955004949,пн-вс 08:00-21:00,Стоматологическая помощь; Запись на приём по телефону клиники,https://interdentos.ru/,5.0
"Московская обл, г Мытищи, ул Лётная, д.21/1",ООО «Медицинский центр Интердентос»,т.:84955004949; 84950217032,пн-вс 08:00-21:00,Стоматологическая помощь; Запись на приём по телефону клиники,https://interdentos.ru/,5.0
"Московская обл, г Пушкино, г Пушкино, 1-й Некрасовский проезд, д.13",ООО «Медицинский центр Интердентос»,т.:84952236090,пн-вс 08:00-21:00,Стоматологическая помощь; Запись на приём по телефону клиники,https://interdentos.ru/,5.0
"Московская обл, Королев, Терешковой ул, д.8/28",ООО «Медицинский центр Интердентос»,т.:84955004949,пн-вс 08:00-21:00,Стоматологическая помощь; Запись на приём по телефону клиники,https://interdentos.ru/,5.0
"Московская обл, Мытищи, Академика Каргина ул, д.21",ООО «Медицинский центр Интердентос»,т.:84955004949,пн-вс 08:00-21:00,Стоматологическая помощь; Запись на приём по телефону клиники,https://interdentos.ru/,5.0
"г Москва, Колокольников пер, д.2 (м. Трубная,Цветной бульвар)",ООО «МИР ДЕНТАЛГУРУ»,т.:79014995173,пн-вс 09:00-21:00,Стоматологическая помощь; Запись на приём по телефону клиники,https://dentalgu.ru/,4.8
"г Москва, г Зеленоград, Георгиевский пр-кт, д.37, корп.3, оф.19",ООО «МОЛДЕНТ»,т.:84996490822,пн-вс 08:00-21:00,Стоматологическая помощь; Запись на приём по телефону клиники,,
"г Москва, ул Покровка, д.43, корп.2 (м.Курская,Чистые пруды,Чкаловская)",ООО «НАУЧНО-ИССЛЕДОВАТЕЛЬСКАЯ КЛИНИКА ДЕНТАЛГУРУ»,т.:79014995173,,Стоматологическая помощь; Запись на приём по телефону клиники,https://dentalgu.ru/,4.8
"Московская обл, г Дубна, пр-кт Боголюбова, д.16, оф.6",ООО «Новая Клиника»,"т.:89035186434, 49621 70625","пн-пт 10:00-19:00, сб 10:00-19:00",Стоматологическая помощь; Запись на приём по телефону клиники,https://nova-clinic.ru/,5.0
"г Москва, ул Мясницкая, д.13, корп.13 (м.Тургеневская,Чистые пруды)",ООО «Нормодент-Центр»,"т.:84956211677, 84956218148, 84952879083, 84952879084",пн-вс 09:00-21:00,Стоматологическая помощь; Запись на приём по телефону клиники,http://www.normodent.ru/,4.7
"г Москва, ул Пятницкая, д.54, корп.2 (м.Третьяковская)",ООО «Нормодент-Центр»,"т.:84959532969, 84959532563",пн-вс 09:00-21:00,Стоматологическая помощь; Запись на приём по телефону клиники,http://www.normodent.ru/,4.7
"г Москва, ул Новодмитровская, д.2, корп.2 (м.Дмитровская,Савёловская)",ООО «Перспектива»,"т.:8 495 9406662, 8 4992384841",,Стоматологическая помощь; Запись на приём по телефону клиники,https://eduperspektiva.ru/,4.5
"г Москва, Гагаринский пер, д.5, корп.1 (м.Арбатская,Кропоткинская)",ООО «Продент»,т.:84954899959,пн-вс 09:00-21:00,Стоматологическая помощь; Запись на приём по телефону клиники,https://prodentconcept.com/,
"Московская обл, г Королёв, пр-кт Космонавтов, д.27, оф.3",ООО «Профидент-Кор»,т.:495 1048393,"пн-пт 09:00-21:00, сб 09:00-21:00, вс 09:00-15:00",Стоматологическая помощь; Запись на приём по телефону клиники,,4.9
"г Москва, ул Островитянова, д.53 (м. Беляево,Коньково)",ООО «Рудента Фэмили»,т.:84956468191,,Стоматологическая помощь; Запись на приём по телефону клиники,https://rudenta.ru/,5.0
"Московская обл, г Кашира, ул Советская, д.4",ООО «Самсон-Мед»,"т.:89260060411, 84966932900",пн-вс 09:00-20:00,Стоматологическая помощь; Запись на приём по телефону клиники,https://samsonmed.ru/,4.3
"Москва, Новорязанская ул, д.38, корп. 3 (м.Бауманская,Красносельская)",ООО «Селладент»,т.:+7 495 2320122,"пн-пт 09:00-21:00, сб 09:00-21:00, вс 10:00-18:00",Стоматологическая помощь; Запись на приём по телефону клиники,,5.0
"г Москва, Волгоградский пр-кт, д.54 (м.Кузьминки,Текстильщики)",ООО «Сеть семейных медицинских центров»,т.:8 495 6625885,,Стоматологическая помощь; Запись на приём по телефону клиники,https://semeynaya.ru/,4.7
"г Москва, Комсомольский пр-кт, д.32, корп.2",ООО «Сеть семейных медицинских центров»,т.:84956625885,пн-вс 09:00-21:00,Стоматологическая помощь; Запись на приём по телефону клиники,https://semeynaya.ru/,4.7
"г Москва, Новоясеневский пр-кт, д.38, корп.1 (м.Битцевский парк, Новоясеневская)",ООО «Сеть семейных медицинских центров»,т.:8 495 6625885,,Стоматологическая помощь; Запись на приём по телефону клиники,https://semeynaya.ru/,4.7
"г Москва, Симферопольский б-р, д. 17А (м.Каховская,Севастопольская)",ООО «Сеть семейных медицинских центров»,т.:8 495 6625885,пн-вс 09:00-21:00,Стоматологическая помощь; Запись на приём по телефону клиники,https://semeynaya.ru/,4.7
"г Москва, ул Братиславская, д.26 (м. Братиславская,Марьино)",ООО «Сеть семейных медицинских центров»,т.:8 495 6625885,пн-вс 09:00-21:00,Стоматологическая помощь; Запись на приём по телефону клиники,https://semeynaya.ru/,4.7
"г Москва, ул Лескова, д.22 (м. Алтуфьево,Бибирево)",ООО «Сеть семейных медицинских центров»,т.:8 495 6625885,,Стоматологическая помощь; Запись на приём по телефону клиники,https://semeynaya.ru/,4.7
"г Москва, ул Народного Ополчения, д. 38, корп.1 (м.Зорге,Октябрьское поле)",ООО «Сеть семейных медицинских центров»,т.:8 495 6625885,,Стоматологическая помощь; Запись на приём по телефону клиники,https://semeynaya.ru/,4.7
"г Москва, ул Садовая-Каретная, д.24/7 (м.Цветной бульвар,Чеховская)",ООО «Сеть семейных медицинских центров»,т.:8 495 6625885,пн-вс 09:00-21:00,Стоматологическая помощь; Запись на приём по телефону клиники,https://semeynaya.ru/,4.7
"г Москва, ул Хачатуряна, д.12, корп.1 (м.Владыкино,Отрадное)",ООО «Сеть семейных медицинских центров»,т.:8 495 6625885,пн-вс 09:00-21:00,Стоматологическая помощь; Запись на приём по телефону клиники,https://semeynaya.ru/,4.7
"г Москва, ул Черняховского, д.2 (м. Аэропорт,Сокол)",ООО «Сеть семейных медицинских центров»,т.:8 495 6625885,пн-вс 09:00-21:00,Стоматологическая помощь; Запись на приём по телефону клиники,https://semeynaya.ru/,4.7
"г Москва, ул Южнобутовская, д.8 (м. Бульвар адмирала Ушакова,Улица Горчакова)",ООО «Сеть семейных медицинских центров»,т.:8 495 6625885,пн-вс 09:00-21:00,Стоматологическая помощь; Запись на приём по телефону клиники,https://semeynaya.ru/,4.7
"г Москва, Ленинградский пр-кт, д.60А (м.Аэропорт,Сокол)",ООО «Современная Стоматология»,"т.:8499 1510935, 8499 1517525","пн-пт 09:00-21:00, сб 09:00-15:00",Стоматологическая помощь; Запись на приём по телефону клиники,http://modern-dent.ru/,5.0
"г Москва, Руновский пер, д.11/13, корп.2 (м.Новокузнецкая, Третьяковская)",ООО «Стоматологическая клиника «Доктор Смайл»,т.:84951343503,пн-вс 09:00-21:00,Стоматологическая помощь; Запись на приём по телефону клиники,https://doctorsmile.ru/,5.0
"Москва, Басманная Нов. ул, д.29, корп.стр.1 (м.Комсомольская)",ООО «Стоматологическая клиника «Доктор Смайл»,т.:84951343503,,Стоматологическая помощь; Запись на приём по телефону клиники,https://doctorsmile.ru/,5.0
"г Москва, Хохловский пер, д.10, корп. 4 (м.Китай-город)",ООО «Стоматологическая КЛИНИКА 32 здоровых зуба»,т.:89651959645,,Стоматологическая помощь; Запись на приём по телефону клиники,https://32-zuba.com/,4.7
"г Москва, ул Парковая 3-я, д.41А (м. Измайловская,Первомайская)",ООО «Стоматологический центр на Парковой»,т.:84951503001,пн-вс 10:00-20:00,Стоматологическая помощь; Запись на приём по телефону клиники,,5.0
"Москва, Марксистская ул, д.3, корп.2 (м.Марксистская,Таганская)",ООО «Стоматология №4»,т.:+7 495 2551142,"пн-пт 08:00-21:00, сб 08:00-21:00",Стоматологическая помощь; Запись на приём по телефону клиники,https://stom4.ru/,4.7
"Московская обл, Ногинск, Ногинский р-н, Лебедевой ул, д.10",ООО «Студия Дент»,т.:+7 496 514 32 32,пн-вс 09:00-20:00,Стоматологическая помощь; Запись на приём по телефону клиники,https://studio-dent.ru/zapisatsya_na_priem,4.8
"г Москва, Институтский пер, д.2, оф. 113 (м.Достоевская,Новослободская)",ООО «ТРАСТ ДЕНТ»,т.:84956883000,пн-вс 09:00-21:00,Стоматологическая помощь; Запись на приём по телефону клиники,https://trydent.ru/,
"Московская обл, г Люберцы, Октябрьский пр-кт, д.403, корп.1",ООО «ФИРМА МАРВЕЛ»,т.:+7 495 5654929,пн-вс 09:00-21:00,Стоматологическая помощь; Запись на приём по телефону клиники,,4.1
"г Москва, Рыбников пер, д.1 (м. Сретенский бульвар,Тургеневская)",ООО «Хай Гард клиник»,"т.:+74999991599, +79296681599",пн-вс 09:00-21:00,Стоматологическая помощь; Запись на приём по телефону клиники,,5.0
"Московская обл, г Королёв, ул Лесная, д.3",ООО «Центр Дентальной Имплантологии»,т.:84955165499,"пн-пт 09:00-21:00, сб 10:00-20:00, вс 10:00-15:00",Стоматологическая помощь; Запись на приём по телефону клиники,https://www.impl.ru/,4.9
"г Москва, г Троицк, ул Физическая, д. 13, оф.46",ООО «Центр стоматологии и имплантологии»,"т.:84958409911, 89645632774","пн-пт 08:30-21:30, сб-вс 09:00-18:00",Стоматологическая помощь; Запись на приём по телефону клиники,https://www.impl.ru/,5.0
"г Москва, Калашный пер, д.5 (м. Арбатская)",ООО «Эвита Студия»,т.:84956903171,"пн-пт 09:00-21:00, сб 09:00-18:00",Стоматологическая помощь; Запись на приём по телефону клиники,https://evita-studia.com/o-klinike/,4.7
"Москва, Козихинский Б. пер, д.10 (м. Пушкинская,Тверская)",ООО «ЭДЕЛЬВЕЙС»,т.:495 1396622,,Стоматологическая помощь; Запись на приём по телефону клиники,https://edlw.ru/,4.7
"Московская обл, г Балашиха, пр-кт Ленина, д.53",ООО «Эликсир-Дента»,т.:+74955296634,,Стоматологическая помощь; Запись на приём по телефону клиники,https://eliksirdenta.ru/,4.9
"Московская обл, г Балашиха, ул Заречная, д.25",ООО «Эликсир-Дента»,т.:74955058633,,Стоматологическая помощь; Запись на приём по телефону клиники,https://eliksirdenta.ru/,4.9
"Московская обл, г Балашиха, ул Свердлова, д.15/3",ООО «Эликсир-Дента»,т.:74955232251,,Стоматологическая помощь; Запись на приём по телефону клиники,https://eliksirdenta.ru/,4.9
"г Москва, Астраханский пер, д.10/36, оф.1 (м.Проспект Мира)",ООО «Элит-Дента»,"т.:84956800109, 84956801809","пн-пт 10:00-21:00, сб 10:00-21:00",Стоматологическая помощь; Запись на приём по телефону клиники,https://www.elite-denta.ru/,5.0
"г Москва, Нахимовский пр-кт, д.33/2 (м.Новые Черёмушки,Профсоюзная)",ООО «Эркастом Студио»,"т.:89166573756, 84953183922",,Стоматологическая помощь; Запись на приём по телефону клиники,https://erkastom-studio.ru/,4.8
"Московская обл, г Долгопрудный, мкр Хлебниково, ул Госпитальная, д.8",ООО «ЭСТЕТ ДЕНТ»,т.:7 495 5793143,,Стоматологическая помощь; Запись на приём по телефону клиники,https://estetdent-stom.ru/,5.0
"Московская обл, г Долгопрудный, Новый б-р, д.18, оф.5",ООО «ЭСТЕТ ДЕНТ»,т.:7 495 5793143,пн-вс 09:00-21:00,Стоматологическая помощь; Запись на приём по телефону клиники,https://estetdent-stom.ru/,5.0
"Московская обл, г Долгопрудный, Старое Дмитровское шоссе, д.11",ООО «ЭСТЕТ ДЕНТ»,т.:7 495 5793143,,Стоматологическая помощь; Запись на приём по телефону клиники,https://estetdent-stom.ru/,5.0
"Московская обл, г Долгопрудный, ул Первомайская, д.9/4",ООО «ЭСТЕТ ДЕНТ»,т.:7 495 5793143,,Стоматологическая помощь; Запись на приём по телефону клиники,https://estetdent-stom.ru/,5.0
"Московская обл, г Жуковский, ул Жуковского, д.18, оф.62",ООО ЛДЦ «АЛЕКС»,"т.:84984811011, 84984842742, 89104274200","пн-пт 09:00-20:00, сб 09:00-18:00",Стоматологическая помощь; Запись на приём по телефону клиники,,5.0
"Московская обл, г Жуковский, ул Солнечная, д.10",ООО ЛДЦ «АЛЕКС»,т.:84984812424 89164214148,"пн-пт 09:00-20:00, сб 09:00-18:00",Стоматологическая помощь; Запись на приём по телефону клиники,,5.0
"г Москва, ул Большая Новодмитровская, д.23, корп.2 (м. Дмитровская,Савёловская)",ООО Стоматологический Центр «Прайм Смайл»,т.:495 2550525,"пн-пт 09:00-21:00, сб-вс 09:00-21:00",Стоматологическая помощь; Запись на приём по телефону клиники,https://primesmile.ru/,5.0
"г Москва, ул 3-я Мытищинская, д.3, корп.2 (м.Алексеевская,ВДНХ)",ООО Стоматологический центр «Улыбнись»,т.:74991749292,"пн-пт 09:00-21:00, сб 09:00-21:00, вс 10:00-16:00",Стоматологическая помощь; Запись на приём по телефону клиники,https://co-ulybnis.ru/,5.0
"г Москва, ул Бакунинская, д.17/28 (м. Бауманская,Красносельская)","ООО Фирма ""Вэнстом""","т.:84992657820, 84992657831",,Стоматологическая помощь; Запись на приём по телефону клиники,https://venstom.ru/,5.0
"г Москва, Шелепихинская наб, д.34, корп.1 (м.Шелепиха)",ООО ЦЕНТР ЭСТЕТИЧЕСКОЙ СТОМАТОЛОГИИ «Улыбнись»,т.:74991749292,"пн-пт 09:00-21:00, сб 09:00-21:00, вс 10:00-16:00",Стоматологическая помощь; Запись на приём по телефону клиники,https://co-ulybnis.ru/,5.0
"г Москва, ул Адмирала Лазарева, д.26 (м.Бульвар адмирала Ушакова,Улица Горчакова)",ООО«ИСТДЕНТ»,"т.:84959831074, 84997431690","пн-пт 09:00-21:00, сб-вс 09:00-21:00",Стоматологическая помощь; Запись на приём по телефону клиники,https://student.ru/,5.0
"г Москва, ул Туристская, д.33 (м. Планерная,Сходненская)",ООО«ИСТДЕНТ»,"т.:84959831074, 84997431690",,Стоматологическая помощь; Запись на приём по телефону клиники,https://student.ru/,5.0
"г Москва, ул Адмирала Лазарева, д.23 (м.Бульвар адмирала Ушакова,Улица Горчакова)",ООО«ИСТДЕНТ»,"т.:84959831074, 84997431690",,Стоматологическая помощь; Запись на приём по телефону клиники,https://student.ru/,5.0
"Московская обл, г Егорьевск, ул Владимирская, д.29, корп.1",ПК «Дантист»,т.:84964066667,пн-пт 09:00-20:00,Стоматологическая помощь; Запись на приём по телефону клиники,https://dantistoff.ru/,4.9
"г Москва, проезд Берёзовой Рощи, д. 6 (м.Зорге,ЦСКА) Стоматологическая поликлиника «РуДента» (",ООО «Фонте»),т.:8 499 7626447,,Стоматологическая помощь; Запись на приём по телефону клиники,,3.1
"Московская обл, г Дубна, ул Мира, д. 13",ФБУЗ Медико-санитарная часть № 9 ФМБА России,т.:8 49621 45678,пн-пт 08:00-19:00,Стоматологическая помощь; Запись на приём по телефону клиники,https://msch9fmba.ru/,4.9
"г Москва, ул Можайский Вал, д.11 (м. Киевская)",ФГАОУ ВО Первый МГМУ им.И. М. Сеченова Минздрава России (Сеченовский Университет),"т.:84994508889, 84954886538, 8 499 2434347, 8 499 2434168",пн-пт 08:30-20:00,Стоматологическая помощь; Запись на приём по телефону клиники,,4.3
"г Москва, Старопанский пер, д.3 (м. Китай-город,Площадь Революции)",ФГБУ «Детский медицинский центр» УДП РФ,т.:495 727116,"пн-пт 08:00-20:00, сб 08:30-15:00",Стоматологическая помощь; Запись на приём по телефону клиники,https://www.kdpmc.ru/polikliniki/,4.8
"Московская обл, г Электросталь, ул Карла Маркса, д.39",ФГБУЗ «ЦЕНТРАЛЬНАЯ МЕДИКО-САНИТАРНАЯ ЧАСТЬ № 21» ФМБА РОССИИ,т.:4955753455,пн-пт 07:30-18:00,Стоматологическая помощь; Запись на приём по телефону клиники,,4.3
"г Москва, ул Бутырская, д.6, корп.3 (м. Савёловская)",ЧУЗ «ЦКБ «РЖД-Медицина»,т.:7499 6231213,,Стоматологическая помощь; Запись на приём по телефону клиники,https://rzd-medicine.ru/,4.9
"г Москва, Уланский пер, д.22, корп.1 (м.Сретенский бульвар,Тургеневская)",АО «Центр авиационной медицины»,,,Экстренная стационарная помощь,https://aviamed.ru/,4.9
"г Москва, ул Лосиноостровская, д.39 (м.Белокаменная,Бульвар Рокоссовского)",Больница Центросоюза Российской Федерации-медицинское -учреждение,,,Экстренная стационарная помощь,http://hospital-cs.ru/,4.9
"Москва, Писцовая ул, д.10 (м. Савёловская)",ГБУЗ « ГКБ №24 ДЗМ»,,,Экстренная стационарная помощь,https://gkb-24.ru/,4.8
"г Москва, г Зеленоград, Каштановая аллея, д.2, корп.1",ГБУЗ « ГКБ им. М.П. Кончаловского ДЗМ»,,,Экстренная стационарная помощь,https://gb3zelao.ru/,4.8
"г Москва, Сходненский тупик, д.1, корп.6 (м.Спартак,Тушинская)",ГБУЗ «Городская Клиническая Больница №67 им. Л.А. Ворохобова ДЗМ»,,,Экстренная стационарная помощь,https://67gkb.ru/,4.4
"г Москва, ул Бакинская, д.26 (м. Кантемировская,Царицыно)",ГБУЗ «Городская клиническая больница имени В.М. Буянова ДЗМ»,,,Экстренная стационарная помощь,https://www.gkb-buyanova.ru/,4.9
"г Москва, ул Академика Миллионщикова, д.1 (м.Каширская, Коломенская)",ГБУЗ «Городская клиническая больница имени С.С. Юдина ДЗМ»,,,Экстренная стационарная помощь,https://gkbyudina.ru/,4.9
"Москва, Коломенский проезд, д.4 (м. Каширская)",ГБУЗ «Городская клиническая больница имени С.С. Юдина ДЗМ»,,,Экстренная стационарная помощь,https://gkbyudina.ru/,4.9
"г Москва, Волгоградский пр-кт, д.168 (м.Жулебино,Лермонтовский проспект)",ГБУЗ «Госпиталь для ветеранов войн №2 ДЗМ»,,,Экстренная стационарная помощь,https://gvv2.ru/,4.9
"г Москва, Госпитальная пл, д.2 (м. Бауманская,Электрозаводская)",ГБУЗ г. Москвы «Городская клиническая больница №29 им. Н.Э. Баумана ДЗ г. Москвы»,,,Экстренная стационарная помощь,https://www.klinika29.ru/,4.8
"г Москва, ул Ленская, д.15 (м. Бабушкинская,Свиблово)",ГБУЗ г.Москвы «Городская клиническая больница им. А.К. Ерамишанцева ДЗМ»,,,Экстренная стационарная помощь,https://gkbe.ru/,4.7
"г Москва, ул 8-я Соколиной Горы, д.15 (м.Соколиная Гора,Шоссе Энтузиастов)","ГБУЗ города Москвы ""Инфекционная клиническая больница № 2 Департамента здравоохранения города Москвы""",,,Экстренная стационарная помощь,https://www.ikb2.ru/,4.1
"Москва, Вешняковская ул, д.23 (м. Выхино,Новокосино)",ГБУЗ города Москвы «Городская клиническая больница № 15 имени О.М. Филатова Департамента здравоохранения города Москвы»,,,Экстренная стационарная помощь,https://gkb15.moscow/,4.9
"г Москва, ул Лобненская, д.10 (м. Селигерская,Ховрино)",ГБУЗ города Москвы «Городская клиническая больница имени В. В. Вересаева Департамента здравоохранения города Москвы»,,,Экстренная стационарная помощь,https://gkb81.ru/,4.6
"г Москва, ул Фортунатовская, д.1 (м. Измайлово,Партизанская)",ГБУЗ города Москвы «Городская клиническая больница имени Ф. И. Иноземцева ДЗМ»,,,Экстренная стационарная помощь,https://inozemtcev.ru/,4.7
"Московская обл, г Люберцы, дп Красково, ул Карла Маркса, д.90",ГБУЗ МО «Люберецкая областная больница»,,,Экстренная стационарная помощь,,4.2
"Московская обл, г Люберцы, Октябрьский пр-кт, д.338",ГБУЗ МО «Люберецкая областная больница»,,,Экстренная стационарная помощь,,4.2
"Московская обл, г Люберцы, ул Кирова, д.36",ГБУЗ МО «Люберецкая областная больница»,,,Экстренная стационарная помощь,,4.2
"Московская обл, г Подольск, мкр Климовск, Больничный проезд, д.1","ГБУЗ МО ""ПОКБ""",,,Экстренная стационарная помощь,https://burdenko.ru/,4.4
"Московская обл, г Подольск, мкр Климовск, пр-кт 50 лет Октября, д.21","ГБУЗ МО ""ПОКБ""",,,Экстренная стационарная помощь,https://burdenko.ru/,4.4
"Московская обл, г Подольск, мкр Львовский, Больничный проезд, д.4а","ГБУЗ МО ""ПОКБ""",,,Экстренная стационарная помощь,https://burdenko.ru/,4.4
"Московская обл, г Подольск, ул Батырева, д.7","ГБУЗ МО ""ПОКБ""",,,Экстренная стационарная помощь,https://burdenko.ru/,4.4
"Московская обл, г Подольск, ул Кирова, д.38","ГБУЗ МО ""ПОКБ""",,,Экстренная стационарная помощь,https://burdenko.ru/,4.4
"Московская обл, г Подольск, ул Литейная, д.40","ГБУЗ МО ""ПОКБ""",,,Экстренная стационарная помощь,https://burdenko.ru/,4.4
"г Москва, шоссе Энтузиастов, д.4",ГБУЗ МО «Балашихинская областная больница»,,,Экстренная стационарная помощь,,2.5
"Московская обл, г Балашиха, деревня Черное, Носовихинское шоссе, д.12",ГБУЗ МО «Балашихинская областная больница»,,,Экстренная стационарная помощь,,2.5
"Московская обл, г Балашиха, шоссе Энтузиастов, д.14",ГБУЗ МО «Балашихинская областная больница»,,,Экстренная стационарная помощь,,2.5
"Московская обл, г Пушкино, г Пушкино, ул Авиационная, д.35",ГБУЗ МО «Московская областная больница им. проф. Розанова В. Н.»,,,Экстренная стационарная помощь,https://prbmo.ru/,4.3
"Московская обл, г Сергиев Посад, г Сергиев Посад, ул Бероунская, д.20б","ГБУЗ Московской области ""Сергиево-Посадская больница""",,,Экстренная стационарная помощь,,4.1
"Московская обл, г Сергиев Посад, рп Скоропусковский, г Сергиев Посад, д. 97","ГБУЗ Московской области ""Сергиево-Посадская больница""",,,Экстренная стационарная помощь,,4.1
"г Москва, Ленинский пр-кт, д.10, корп.7 (м.Октябрьская,Шаболовская)",ГКБ № 1 им. Н.И.Пирогова,,,Экстренная стационарная помощь,https://www.gkb1.ru/,4.7
"Москва, Открытое ш, д.32 (м.Бульвар Рокоссовского,Щёлковская)",ГКУ «Центральный клинический госпиталь ФТС России»,,,Экстренная стационарная помощь,,5.0
"г Москва, Стремянный пер, д.26 (м. Добрынинская,Серпуховская)",ООО «ВорлдДент»,,,Экстренная стационарная помощь,https://worlddentspb.ru/,4.8
"Московская обл, г Одинцово, дп Лесной Городок, г Одинцово, ул Школьная, д.2",ООО «ГОРОД ЗДОРОВЬЯ»,,,Экстренная стационарная помощь,https://мсз.рф/,4.7
"г Москва, ул Фадеева, д.4а, корп.1 (м. Маяковская,Новослободская)",ООО «ГУТА-КЛИНИК»,,,Экстренная стационарная помощь,https://gutaclinic.ru/,4.9
"Московская обл, Королев, Космонавтов пр-кт, д.48",ООО «Женское Здоровье»,,,Экстренная стационарная помощь,https://wh-lady.ru/,5.0
"Московская обл, г Реутов, ул Советская, д.6",ООО «Клиника Косметологии»,,,Экстренная стационарная помощь,https://cidk.ru/,4.9
"Московская обл, г Жуковский, ул Чкалова, д.26",ООО «Клиника лабораторной диагностики ДНК» (АВИАМЕД),,,Экстренная стационарная помощь,https://dnklab.ru/,5.0
"Московская обл, г Химки, ул Московская, д.14, оф.33",ООО «Леда МЦ»,,,Экстренная стационарная помощь,,4.7
"Московская обл, г Наро-Фоминск, г Наро-Фоминск, ул Шибанкова, д.3",ООО «Лечебно-диагностический центр «Медицина»»,,,Экстренная стационарная помощь,https://medicina-iv.ru/,5.0
"Московская обл, г Можайск, ул Строителей, д.1",ООО «М-Диасервис»,,,Экстренная стационарная помощь,,4.4
"Московская обл, Раменское, Раменский р-н, Михалевича ул, д.49",ООО «Медина»,,,Экстренная стационарная помощь,https://rammedina.ru/,5.0
"г Москва, Переведеновский пер, д.8 (м.Бауманская,Красносельская)",ООО «Медицинский центр Елены Малышевой»,,,Экстренная стационарная помощь,https://clinicamalyshevoy.ru/,4.6
"Московская обл, г Химки, ул Панфилова, д.21, корп.2",ООО «Московский центр восстановительного лечения»,,,Экстренная стационарная помощь,https://cmrvsm.ru/,4.3
"Московская обл, г Орехово-Зуево, г Орехово-Зуево, ул Ленина, д.84",ООО «Ормедикл»,,,Экстренная стационарная помощь,,5.0
"Московская обл, г Орехово-Зуево, г Орехово-Зуево, ул Набережная, д.10А",ООО «Ормедикл»,,,Экстренная стационарная помощь,,5.0
"Московская обл, Видное, Ленинский р-н, Ольховая ул, д.11",ООО «Поликлиника №1 Вита Медикус»,,,Экстренная стационарная помощь,https://vitaemedicus.ru/,4.5
"г Москва, Госпитальная пл, д.2, корп. 10 (м.Бауманская,Электрозаводская)",ООО «Сеть семейных медицинских центров»,,,Экстренная стационарная помощь,https://semeynaya.ru/,4.7
"г Москва, ул Клары Цеткин, д.33, корп.28 (м.Балтийская,Коптево)",ООО «СМ-Клиника»,,,Экстренная стационарная помощь,https://www.smclinic-spb.ru/,4.9
"Москва, Удальцова ул, д.77 (м. Мичуринский проспект,Проспект Вернадского)","ООО Медико-диагностический центр ""Олимп""",,,Экстренная стационарная помощь,https://olimp-vip.ru/,4.8
"г Москва, ул Вавилова, д.61, корп.1Университетская клиническая больница имени В.В. Виноградова (филиал)",ФГАОУ ВО «Российский университет дружбы народов имени Патриса Лумумбы»,,,Экстренная стационарная помощь,,4.3
"г Москва, село Вороново, поселение Вороновское",ФБУЗ «Лечебно-реабилитационный центр Министерства экономического развития Российской Федерации»,,,Экстренная стационарная помощь,http://www.medcity.ru/,4.8
"Московская обл, г Пущино, ул Институтская, д.1 Ф",ГАУЗ « Больница Пущинского научного центра РАН»,,,Экстренная стационарная помощь,https://bpncran.ru/index.php?lang=ru,4.2
"г Москва, ул Гамалеи, д.15 (м. Октябрьское поле,Щукинская)",ФГБУ «Государственный научный центр Федеральный медицинский биофизический центр им. А.И. Бурназяна ФМБА России»,,,Экстренная стационарная помощь,https://fmbafmbc.ru/,4.8
"г Москва, ул Маршала Новикова, д.23 (м.Спартак,Щукинская)",ФГБУ «Государственный научный центр Федеральный медицинский биофизический центр им. А.И. Бурназяна ФМБА России»,,,Экстренная стационарная помощь,https://fmbafmbc.ru/,4.8
"Москва, Первомайская Нижн. ул, д.70 (м.Первомайская,Щёлковская)",ФГБУ «НМХЦ им. Н.И. Пирогова» Минздрава России,,,Экстренная стационарная помощь,https://www.pirogov-center.ru/,5.0
"Московская обл, г Химки, мкр Новогорск, ул Ивановская, д.15А",ФГБУ «Федеральный клинический центр высоких медицинских технологий федерального медико-биологического агентства»,,,Экстренная стационарная помощь,https://www.fkc-vmt.ru/,4.5
"Московская обл, Дубна, Правды ул, д. 5",ФГБУЗ «Центральная клиническая больница восстановительного лечения Федерального медико-биологического агентства»,,,Экстренная стационарная помощь,,4.7
"Московская обл, г Пересвет, г Сергиев Посад, ул Мира, д.10",ФГБУЗ ЦМСЧ № 94 ФМБА России,,,Экстренная стационарная помощь,https://www.cmsch94.ru/,3.7
"Московская обл, г Руза, село Покровское, ул 1-я Парковая, д.2",ЧУЗ «ЦКБ «РЖД-Медицина»,,,Экстренная стационарная помощь,https://rzd-medicine.ru/,4.9
